Scenario,Waveform,Modulation,Bandwidth_MHz,IBO_dB,Method,NMSE_dB_before,NMSE_dB_during,NMSE_dB_after,EVM_percent_before,EVM_percent_during,EVM_percent_after,ACPR_dBc_before,ACPR_dBc_during,ACPR_dBc_after,NumAdaptations,Runtime_s,Comments,BW_config_MHz,NSC,ModOrder,ModName
S0,OFDM-QAM,4QAM,30,2.92256071356476,No_DPD,-6.97316703605676,-5.28444618082911,-5.64696863357428,44.8065647184111,54.4224001162905,52.1977241967324,-22.6006303451298,-18.4354892591737,-19.7473508096333,0,4.080049834,"Calibration nominale et référence de performance",30,250,4,QPSK
S0,OFDM-QAM,4QAM,30,2.92256071356476,MP_DPD,-21.2964430488687,-20.628154686375,-20.9154680857852,8.61346409192411,9.3023412161299,8.99967022161414,-34.146955085879,-35.4883124274032,-34.5555752831725,0,4.262853208,"Static MP-DPD baseline",30,250,4,QPSK
S0,OFDM-QAM,4QAM,30,2.92256071356476,GMP_DPD,-21.1040623501225,-20.5090645052446,-20.7949033666107,8.80636906899093,9.43076177948405,9.12546138452172,-34.1690055142212,-35.4860762900757,-34.5678046585542,0,4.315620586,"Static GMP-DPD baseline",30,250,4,QPSK
S0,OFDM-QAM,4QAM,30,2.92256071356476,NN_DPD_Static,-19.1142340665186,-18.9639377712242,-18.9585734795891,11.0735863529524,11.266865540218,11.2738259578636,-32.0579310791149,-32.4018819599909,-32.303114003333,0,24.942875703,"Offline NN-DPD with fixed weights",30,250,4,QPSK
S0,OFDM-QAM,4QAM,30,2.92256071356476,NN_DPD_Adaptive,-19.05684765507,-18.819155302474,-18.8462068988687,11.1469901469421,11.4562434730485,11.4206193064833,-31.9313307763017,-32.0937017892404,-32.2016678244247,0,25.985366319,"Online NN-DPD adaptation",30,250,4,QPSK
S1,OFDM-QAM,4QAM,30,2.92256071356476,No_DPD,-6.15797822725425,-2.02339713452806,-0.716267456368595,49.2154078687407,79.2191436234178,92.0845196913227,-20.5555286087009,-14.0150939769081,-11.9829842555598,0,3.546200343,"Dérive thermique graduelle du PA",30,250,4,QPSK
S1,OFDM-QAM,4QAM,30,2.92256071356476,MP_DPD,-20.6157493069387,-18.2372507491659,-17.8433029628761,9.31563651738774,12.2500387515417,12.818430465166,-34.1914783832643,-34.4314414838095,-33.2167939462116,0,3.583327806,"Static MP-DPD baseline",30,250,4,QPSK
S1,OFDM-QAM,4QAM,30,2.92256071356476,GMP_DPD,-20.4529594598738,-18.1764306141919,-17.8195118946931,9.49187536534077,12.3361167035921,12.8535888891419,-34.2061119873097,-34.3863743983713,-33.2004959485003,0,3.597155524,"Static GMP-DPD baseline",30,250,4,QPSK
S1,OFDM-QAM,4QAM,30,2.92256071356476,NN_DPD_Static,-18.7325842115682,-18.0247307563004,-17.3747408258296,11.5709972247337,12.5534605518779,13.5289147047585,-32.0802437097177,-32.1886729106484,-31.5186698452335,0,16.984293363,"Offline NN-DPD with fixed weights",30,250,4,QPSK
S1,OFDM-QAM,4QAM,30,2.92256071356476,NN_DPD_Adaptive,-18.684033598104,-17.9136202346195,-17.3508198449002,11.6358555208207,12.7150768169438,13.5662247519486,-31.9545679252182,-31.8122271135297,-31.4322060864436,1,18.593568716,"Online NN-DPD adaptation",30,250,4,QPSK
S2,OFDM-QAM,4QAM,30,2.92256071356476,No_DPD,-6.97316703605676,-0.523157524859458,-0.299658117819641,44.8065647184111,94.1547259763035,96.6088904119607,-22.6006303451298,-12.5809119824854,-11.5219834633285,0,3.242585081,"Rupture brutale de puissance ou changement d IBO",30,250,4,QPSK
S2,OFDM-QAM,4QAM,30,2.92256071356476,MP_DPD,-21.2964430488687,-12.5974851784086,-16.6011094759955,8.61346409192411,23.449076370644,14.7891946906873,-34.146955085879,-31.6319892202609,-32.6321845961473,0,3.281734443,"Static MP-DPD baseline",30,250,4,QPSK
S2,OFDM-QAM,4QAM,30,2.92256071356476,GMP_DPD,-21.1040623501225,-12.5773738597219,-16.6119208409692,8.80636906899093,23.5034332933359,14.7707979667306,-34.1690055142212,-31.5759168242163,-32.6121375510459,0,3.294315958,"Static GMP-DPD baseline",30,250,4,QPSK
S2,OFDM-QAM,4QAM,30,2.92256071356476,NN_DPD_Static,-19.1142340665186,-12.9638633229802,-16.8325417961925,11.0735863529524,22.4805449039836,14.4003454392709,-32.0579310791149,-31.3452948435917,-31.1760746220765,0,15.670023916,"Offline NN-DPD with fixed weights",30,250,4,QPSK
S2,OFDM-QAM,4QAM,30,2.92256071356476,NN_DPD_Adaptive,-19.05684765507,-13.0532152240699,-16.9444833349774,11.1469901469421,22.2504725471032,14.2159482304759,-31.9313307763017,-30.9099589910529,-31.3595052497189,6,20.404977796,"Online NN-DPD adaptation",30,250,4,QPSK
S3,OFDM-QAM,4QAM,30,2.92256071356476,No_DPD,-6.77690841195401,-5.11381627479207,-5.53222246502562,45.8304983200671,55.5020706938649,52.8918645087881,-22.3915452999312,-18.6092890636233,-19.5795129455222,0,3.179629442,"Variation des effets mémoire du PA",30,250,4,QPSK
S3,OFDM-QAM,4QAM,30,2.92256071356476,MP_DPD,-17.0814956880104,-16.3540546265971,-16.9539618481399,13.9934633795952,15.2158868013606,14.2004434792445,-34.4722819375898,-35.1299887672197,-34.8346839962643,0,3.216781389,"Static MP-DPD baseline",30,250,4,QPSK
S3,OFDM-QAM,4QAM,30,2.92256071356476,GMP_DPD,-16.9868884609887,-16.3168984626905,-16.8948483638213,14.1467141087127,15.2811161537757,14.2974169265373,-34.5143952949445,-35.110981222641,-34.8688608890476,0,3.22828604,"Static GMP-DPD baseline",30,250,4,QPSK
S3,OFDM-QAM,4QAM,30,2.92256071356476,NN_DPD_Static,-16.0993800665472,-15.7000764789059,-16.0569044778133,15.6686289700249,16.4057532793674,15.7454390857248,-31.8245753723197,-32.5523258941065,-32.0022099719465,0,14.962107405,"Offline NN-DPD with fixed weights",30,250,4,QPSK
S3,OFDM-QAM,4QAM,30,2.92256071356476,NN_DPD_Adaptive,-16.0759274896009,-15.7372727735773,-15.67133452169,15.7109926526303,16.3356477984079,16.4601304936006,-31.6893262779607,-32.2778312412699,-32.0349230705063,4,19.308088725,"Online NN-DPD adaptation",30,250,4,QPSK
S4,OFDM-QAM,4QAM,30,2.92256071356476,No_DPD,-6.27281193937271,-2.31214458307022,-1.01565252961887,48.5690269822972,76.6289316714176,88.9646293113019,-20.66798622759,-14.1361459063894,-12.1164447466149,0,3.434410757,"Vieillissement lent du PA",30,250,4,QPSK
S4,OFDM-QAM,4QAM,30,2.92256071356476,MP_DPD,-20.9860507714648,-18.9617311853321,-18.9125245860869,8.92683405246279,11.2697281675098,11.333753704659,-34.1151561490098,-34.4256859608471,-33.1641562776142,0,3.47366721,"Static MP-DPD baseline",30,250,4,QPSK
S4,OFDM-QAM,4QAM,30,2.92256071356476,GMP_DPD,-20.8052235705822,-18.8822218663923,-18.8638910248434,9.11462533886945,11.3733631590824,11.3973910335733,-34.130906020576,-34.3844367022883,-33.1513209465449,0,3.485991039,"Static GMP-DPD baseline",30,250,4,QPSK
S4,OFDM-QAM,4QAM,30,2.92256071356476,NN_DPD_Static,-18.9441578215743,-18.4917968356704,-18.1179627475937,11.2925522559083,11.8962520789795,12.4194356800796,-31.9979641286389,-32.0130329611963,-31.3493625296494,0,15.476467185,"Offline NN-DPD with fixed weights",30,250,4,QPSK
S4,OFDM-QAM,4QAM,30,2.92256071356476,NN_DPD_Adaptive,-18.8930194445178,-18.3707714175592,-18.0384360745569,11.3592335208262,12.0631694713968,12.5336682779861,-31.8759783787544,-31.6644973066017,-31.27378503817,0,16.428283328,"Online NN-DPD adaptation",30,250,4,QPSK
S5,OFDM-QAM,4QAM,30,2.92256071356476,No_DPD,-5.81376150279744,-3.9531584334122,-4.38381362855118,51.20494746024,63.4369184584824,60.3683517767,-22.2370430635645,-16.5051903350317,-20.6923195542258,0,3.377752932,"Variation de charge, désadaptation ou effet VSWR",30,250,4,QPSK
S5,OFDM-QAM,4QAM,30,2.92256071356476,MP_DPD,-11.3623021561247,-11.4127329989332,-11.3279768871158,27.0324178702858,26.8759206419261,27.1394570935772,-34.1442784970479,-35.1953424526473,-34.5342751776027,0,3.415018789,"Static MP-DPD baseline",30,250,4,QPSK
S5,OFDM-QAM,4QAM,30,2.92256071356476,GMP_DPD,-11.3437892916867,-11.4002074962813,-11.3150981717908,27.0900954608834,26.9147050691011,27.1797270722753,-34.1665668801131,-35.1849364002171,-34.5477435084633,0,3.426634388,"Static GMP-DPD baseline",30,250,4,QPSK
S5,OFDM-QAM,4QAM,30,2.92256071356476,NN_DPD_Static,-11.1205843449728,-11.1698553798169,-11.0941477392755,27.7952626828028,27.6380393616118,27.8799899603942,-32.058890983806,-32.2530970049385,-32.285847947781,0,15.051503578,"Offline NN-DPD with fixed weights",30,250,4,QPSK
S5,OFDM-QAM,4QAM,30,2.92256071356476,NN_DPD_Adaptive,-11.1118889397856,-11.145250496453,-11.0918395947365,27.8231023284455,27.7164417877501,27.8873996328831,-31.939948563138,-31.9798833881787,-32.180980001567,2,17.00566406,"Online NN-DPD adaptation",30,250,4,QPSK
S6,OFDM-QAM,4QAM,30,2.92256071356476,No_DPD,-6.2247340649985,-1.69649297921258,-0.380953320675141,48.8386102018578,82.257470623731,95.7089020130062,-20.515542158668,-14.3423932175473,-10.9346852724781,0,3.50363114,"Dérive combinée thermique + puissance + mémoire + charge",30,250,4,QPSK
S6,OFDM-QAM,4QAM,30,2.92256071356476,MP_DPD,-14.2009904406872,-13.8522408187906,-13.0473148533743,19.4962227419284,20.2949487552239,22.2655925455604,-33.6234620145734,-34.1578762405128,-31.9001543767202,0,3.54218652,"Static MP-DPD baseline",30,250,4,QPSK
S6,OFDM-QAM,4QAM,30,2.92256071356476,GMP_DPD,-14.149980835132,-13.8308613500938,-13.044169553561,19.6110550252695,20.3449643176431,22.273656733384,-33.6580987960052,-34.12371651648,-31.8770297373741,0,3.555342855,"Static GMP-DPD baseline",30,250,4,QPSK
S6,OFDM-QAM,4QAM,30,2.92256071356476,NN_DPD_Static,-13.6762126440507,-14.0512783541974,-13.0372115330274,20.7104420066535,19.835177092184,22.2915066784351,-31.1006796389195,-32.720739258155,-30.6405970199851,0,15.840264453,"Offline NN-DPD with fixed weights",30,250,4,QPSK
S6,OFDM-QAM,4QAM,30,2.92256071356476,NN_DPD_Adaptive,-13.6630729273629,-14.0297159463829,-13.1125516902883,20.7417957642539,19.8844783730689,22.098989496311,-31.00054066835,-32.3087265764815,-30.737431667798,5,19.673834055,"Online NN-DPD adaptation",30,250,4,QPSK
S7,OFDM-QAM (repli apres echec 5G NR),4QAM,30,2.92256071356476,No_DPD,-6.17632261572952,-1.95369501175269,-0.419563390526023,49.1115758037024,79.8574152800587,95.2844058977989,-19.4868725032227,-13.9438594852493,-11.7962497329998,0,5.444885789,"Stress test 5G NR avec variation de bande, modulation et numérologie",30,250,4,QPSK
S7,OFDM-QAM (repli apres echec 5G NR),4QAM,30,2.92256071356476,MP_DPD,-14.2115365782676,-14.220352185763,-13.3878100683332,19.4725653983685,19.4528120493144,21.4096464987156,-34.2979653696663,-30.361083968383,-32.2957398016777,0,5.486716111,"Static MP-DPD baseline",30,250,4,QPSK
S7,OFDM-QAM (repli apres echec 5G NR),4QAM,30,2.92256071356476,GMP_DPD,-14.1666895176991,-14.2011446393719,-13.3733136703779,19.5733663207597,19.4958766328546,21.4454081655391,-34.3301839221584,-30.3046651530343,-32.3511917272951,0,5.502556584,"Static GMP-DPD baseline",30,250,4,QPSK
S7,OFDM-QAM (repli apres echec 5G NR),4QAM,30,2.92256071356476,NN_DPD_Static,-13.9832010457312,-14.6093661387325,-13.4553140216582,19.9912498831148,18.6008029944372,21.2439024698004,-30.9585789587265,-31.2796284658307,-30.9768428731933,0,19.941387904,"Offline NN-DPD with fixed weights",30,250,4,QPSK
S7,OFDM-QAM (repli apres echec 5G NR),4QAM,30,2.92256071356476,NN_DPD_Adaptive,-13.9666617737486,-14.5488292809397,-13.5186621060126,20.0293525678384,18.7308952852738,21.0895296849787,-30.8424454151972,-31.2069907328251,-30.5909298318887,7,24.982039102,"Online NN-DPD adaptation",30,250,4,QPSK
S8,OFDM-QAM,4QAM,30,2.92256071356476,No_DPD,-6.2247340649985,-1.69649297921258,-0.380953320675141,48.8386102018578,82.257470623731,95.7089020130062,-20.515542158668,-14.3423932175473,-10.9346852724781,0,3.467117055,"Optimisation de la politique d adaptation par RL ou heuristique",30,250,4,QPSK
S8,OFDM-QAM,4QAM,30,2.92256071356476,MP_DPD,-14.2009904406872,-13.8522408187906,-13.0473148533743,19.4962227419284,20.2949487552239,22.2655925455604,-33.6234620145734,-34.1578762405128,-31.9001543767202,0,3.50387459,"Static MP-DPD baseline",30,250,4,QPSK
S8,OFDM-QAM,4QAM,30,2.92256071356476,GMP_DPD,-14.149980835132,-13.8308613500938,-13.044169553561,19.6110550252695,20.3449643176431,22.273656733384,-33.6580987960052,-34.12371651648,-31.8770297373741,0,3.516984101,"Static GMP-DPD baseline",30,250,4,QPSK
S8,OFDM-QAM,4QAM,30,2.92256071356476,NN_DPD_Static,-13.6762126440507,-14.0512783541974,-13.0372115330274,20.7104420066535,19.835177092184,22.2915066784351,-31.1006796389195,-32.720739258155,-30.6405970199851,0,15.369331764,"Offline NN-DPD with fixed weights",30,250,4,QPSK
S8,OFDM-QAM,4QAM,30,2.92256071356476,RL_Adaptive_Policy,-13.6630729273629,-14.0028238096048,-13.0145079320384,20.7417957642539,19.9461375444502,22.3498495197512,-31.00054066835,-32.2886558883459,-30.5795890984996,0,17.952310608,"Online NN-DPD adaptation",30,250,4,QPSK
S0,OFDM-QAM,16QAM,30,2.92256071356476,No_DPD,-6.35990927568972,-5.98012449275845,-6.74258822678737,48.0844370853638,50.233538961897,46.0119446473415,-22.4819257549207,-20.8729748474924,-22.9720384222133,0,3.01613484,"Calibration nominale et référence de performance",30,250,16,16QAM
S0,OFDM-QAM,16QAM,30,2.92256071356476,MP_DPD,-20.4473614319857,-20.3103317752772,-20.7046993807356,9.49799482020607,9.64902454683655,9.22072417617572,-36.2501187419875,-35.3115195261115,-34.3793146402485,0,3.053875365,"Static MP-DPD baseline",30,250,16,16QAM
S0,OFDM-QAM,16QAM,30,2.92256071356476,GMP_DPD,-20.3656343930298,-20.2059076410533,-20.5280652075314,9.58778485994809,9.7657278655434,9.41015419020363,-36.6137099016656,-35.4602632700075,-34.4567656407714,0,3.065342872,"Static GMP-DPD baseline",30,250,16,16QAM
S0,OFDM-QAM,16QAM,30,2.92256071356476,NN_DPD_Static,-19.111515345358,-19.1043714486103,-19.1295144421629,11.077052976055,11.0861672841345,11.0541226231453,-33.1520645615575,-32.9158888576949,-32.3298496915184,0,14.934002954,"Offline NN-DPD with fixed weights",30,250,16,16QAM
S0,OFDM-QAM,16QAM,30,2.92256071356476,NN_DPD_Adaptive,-19.0197798967103,-19.0321952274458,-19.0129029065932,11.1946625074936,11.178672648084,11.2035293099826,-32.9527601218852,-32.7800174430735,-32.1484642197748,0,15.780371754,"Online NN-DPD adaptation",30,250,16,16QAM
S1,OFDM-QAM,16QAM,30,2.92256071356476,No_DPD,-5.25002075668022,-2.72744556944893,-1.52597405433074,54.6385244182863,73.0512617511767,83.8882814168639,-20.3645910131271,-15.3605134230839,-13.7729812150961,0,3.72818007,"Dérive thermique graduelle du PA",30,250,16,16QAM
S1,OFDM-QAM,16QAM,30,2.92256071356476,MP_DPD,-19.6948281354337,-18.364604801122,-18.1560582995052,10.3575870793094,12.0717368553963,12.3650843990315,-35.5532434968526,-32.2729907775985,-34.0745568617233,0,3.765653931,"Static MP-DPD baseline",30,250,16,16QAM
S1,OFDM-QAM,16QAM,30,2.92256071356476,GMP_DPD,-19.7023726312538,-18.4412038036073,-18.2128134147727,10.3485944661857,11.9657468292534,12.2845521768912,-36.3106814955294,-32.7052996986795,-34.1002954657328,0,3.777792267,"Static GMP-DPD baseline",30,250,16,16QAM
S1,OFDM-QAM,16QAM,30,2.92256071356476,NN_DPD_Static,-18.7624722593279,-18.2695270239983,-17.7127438255664,11.5312499786113,12.204602771155,13.012561908527,-33.1461865563796,-32.732970972318,-31.8215126482947,0,16.380480075,"Offline NN-DPD with fixed weights",30,250,16,16QAM
S1,OFDM-QAM,16QAM,30,2.92256071356476,NN_DPD_Adaptive,-18.6782809883852,-18.2123539042036,-17.6279620480513,11.6435644267661,12.2852020850889,13.140197644776,-32.9364249553776,-32.6056834978142,-31.638318725873,0,17.540436274,"Online NN-DPD adaptation",30,250,16,16QAM
S2,OFDM-QAM,16QAM,30,2.92256071356476,No_DPD,-6.35990927568972,-0.942270428157736,-0.681671228071687,48.0844370853638,89.7194243819971,92.4520272427986,-22.4819257549207,-12.2994436000683,-12.6800378218441,0,3.512072898,"Rupture brutale de puissance ou changement d IBO",30,250,16,16QAM
S2,OFDM-QAM,16QAM,30,2.92256071356476,MP_DPD,-20.4473614319857,-12.7900111082492,-17.3348558668721,9.49799482020607,22.935036973195,13.5911813269206,-36.2501187419875,-27.5916618544117,-33.6628462530206,0,3.548161193,"Static MP-DPD baseline",30,250,16,16QAM
S2,OFDM-QAM,16QAM,30,2.92256071356476,GMP_DPD,-20.3656343930298,-12.8933147200132,-17.4585227832048,9.58778485994809,22.6638801027873,13.3990454677935,-36.6137099016656,-28.3114325978787,-33.7987726581807,0,3.560497957,"Static GMP-DPD baseline",30,250,16,16QAM
S2,OFDM-QAM,16QAM,30,2.92256071356476,NN_DPD_Static,-19.111515345358,-13.0955327432146,-17.181245392503,11.077052976055,22.142332233986,13.8336801590885,-33.1520645615575,-31.6013045530967,-31.5513357065739,0,16.508360804,"Offline NN-DPD with fixed weights",30,250,16,16QAM
S2,OFDM-QAM,16QAM,30,2.92256071356476,NN_DPD_Adaptive,-19.0197798967103,-13.2098967551652,-17.1743474953166,11.1946625074936,21.8527029471619,13.8446705363157,-32.9527601218852,-31.5634424668478,-31.5254984737213,5,20.593375328,"Online NN-DPD adaptation",30,250,16,16QAM
S3,OFDM-QAM,16QAM,30,2.92256071356476,No_DPD,-6.2729581675782,-5.73725469049101,-6.57178099709324,48.5682093226018,51.6579616434818,46.92572056702,-22.2763576584358,-21.0560168930829,-22.80862264768,0,3.177462445,"Variation des effets mémoire du PA",30,250,16,16QAM
S3,OFDM-QAM,16QAM,30,2.92256071356476,MP_DPD,-16.7609308853223,-16.2011252189008,-16.9246656984431,14.5195600002694,15.486159895092,14.2484202216571,-36.4539860662546,-34.9859774326934,-34.6940189705401,0,3.214856308,"Static MP-DPD baseline",30,250,16,16QAM
S3,OFDM-QAM,16QAM,30,2.92256071356476,GMP_DPD,-16.6874959799631,-16.1860044981135,-16.7936906314132,14.6428360911571,15.513142259227,14.4649010936976,-36.8679210915877,-35.0944020431674,-34.7901853133354,0,3.226516329,"Static GMP-DPD baseline",30,250,16,16QAM
S3,OFDM-QAM,16QAM,30,2.92256071356476,NN_DPD_Static,-16.0946700165194,-15.7530323317692,-16.1108616497459,15.677127816151,16.3060354968656,15.6479308234106,-32.9129610657014,-33.0014979088685,-32.0798414752074,0,14.982493282,"Offline NN-DPD with fixed weights",30,250,16,16QAM
S3,OFDM-QAM,16QAM,30,2.92256071356476,NN_DPD_Adaptive,-16.038200550195,-15.7639184881615,-15.9788344649083,15.7793813620235,16.2856116982226,15.8875992551888,-32.7016128222273,-32.8734725443918,-31.8643930385454,3,17.587945317,"Online NN-DPD adaptation",30,250,16,16QAM
S4,OFDM-QAM,16QAM,30,2.92256071356476,No_DPD,-5.38694053009046,-3.06052455190386,-2.01198510351839,53.7839845505358,70.3029861735797,79.3232947834354,-20.4813591295714,-15.6256701783329,-14.1713801888346,0,3.463069216,"Vieillissement lent du PA",30,250,16,16QAM
S4,OFDM-QAM,16QAM,30,2.92256071356476,MP_DPD,-20.0306914810118,-19.0629931420849,-19.250199750556,9.96472748086963,11.139106158344,10.9015942155605,-35.5631902290987,-32.5041687294423,-33.9148892490706,0,3.500875304,"Static MP-DPD baseline",30,250,16,16QAM
S4,OFDM-QAM,16QAM,30,2.92256071356476,GMP_DPD,-20.0236340660698,-19.1137051161135,-19.2587227695611,9.97282726079217,11.074260729048,10.8909022856209,-36.2776069592479,-32.9037894105708,-33.9133977171324,0,3.512168144,"Static GMP-DPD baseline",30,250,16,16QAM
S4,OFDM-QAM,16QAM,30,2.92256071356476,NN_DPD_Static,-18.946572619707,-18.6594455333157,-18.3630207495749,11.2894132056813,11.6688410312242,12.0739385869419,-33.0682244386702,-32.5604098912623,-31.6214025986502,0,15.553491475,"Offline NN-DPD with fixed weights",30,250,16,16QAM
S4,OFDM-QAM,16QAM,30,2.92256071356476,NN_DPD_Adaptive,-18.8588724121947,-18.5974979307524,-18.2678437877117,11.4039782250847,11.7523604628674,12.206968127125,-32.8635668191372,-32.4376385752637,-31.4561451814316,0,16.522555013,"Online NN-DPD adaptation",30,250,16,16QAM
S5,OFDM-QAM,16QAM,30,2.92256071356476,No_DPD,-5.0193687737247,-5.15932323757349,-5.00160377433364,56.1088750335125,55.2120456155126,56.2237503317671,-20.9329669740625,-19.4993337155677,-22.4190126991386,0,3.470550152,"Variation de charge, désadaptation ou effet VSWR",30,250,16,16QAM
S5,OFDM-QAM,16QAM,30,2.92256071356476,MP_DPD,-11.280343618098,-11.3606652214403,-11.2897370786162,27.2886982523018,27.037512854704,27.259202511302,-36.2759073261187,-35.2113273391377,-34.0741779289311,0,3.508703074,"Static MP-DPD baseline",30,250,16,16QAM
S5,OFDM-QAM,16QAM,30,2.92256071356476,GMP_DPD,-11.2750904621143,-11.3489929919499,-11.2736077914448,27.3052072286103,27.073870695876,27.3098685917066,-36.5596976401009,-35.3344798085967,-34.1956486508512,0,3.523476694,"Static GMP-DPD baseline",30,250,16,16QAM
S5,OFDM-QAM,16QAM,30,2.92256071356476,NN_DPD_Static,-11.1072254832866,-11.2305875323911,-11.122797511603,27.8380445705088,27.4454669011605,27.7881813458313,-33.0746573264617,-32.844364641025,-32.1782212701623,0,15.27837438,"Offline NN-DPD with fixed weights",30,250,16,16QAM
S5,OFDM-QAM,16QAM,30,2.92256071356476,NN_DPD_Adaptive,-11.093560014098,-11.2209852547689,-11.1299609073698,27.8818765059424,27.4758247261987,27.7652734240892,-32.883845881685,-32.7138172523974,-31.9961132330694,1,16.661485386,"Online NN-DPD adaptation",30,250,16,16QAM
S6,OFDM-QAM,16QAM,30,2.92256071356476,No_DPD,-5.62708522720889,-2.05065382417235,-0.881085769062958,52.3173500999303,78.9709402348217,90.3536521179529,-20.4581347540143,-15.47795880056,-12.4312200814937,0,3.588359991,"Dérive combinée thermique + puissance + mémoire + charge",30,250,16,16QAM
S6,OFDM-QAM,16QAM,30,2.92256071356476,MP_DPD,-14.0426548125566,-14.0485032331643,-13.3087537578384,19.854879669776,19.8415153964627,21.6054000450776,-35.3166503951619,-30.783214106609,-32.9506768701853,0,3.62466134,"Static MP-DPD baseline",30,250,16,16QAM
S6,OFDM-QAM,16QAM,30,2.92256071356476,GMP_DPD,-14.0083984420849,-14.1038623666411,-13.3394803448157,19.933340155046,19.7154585112732,21.5291053415667,-35.881280832853,-31.2994072959317,-33.0191785361581,0,3.637805462,"Static GMP-DPD baseline",30,250,16,16QAM
S6,OFDM-QAM,16QAM,30,2.92256071356476,NN_DPD_Static,-13.6064052177572,-14.2478148644222,-13.0561857491107,20.8775599343911,19.3914041002351,22.2428643126269,-32.1851504887289,-33.3193339192581,-30.9758200991629,0,15.421225781,"Offline NN-DPD with fixed weights",30,250,16,16QAM
S6,OFDM-QAM,16QAM,30,2.92256071356476,NN_DPD_Adaptive,-13.5786457293333,-14.2286910682063,-13.0682743424891,20.9443898730481,19.434145352237,22.2119293215313,-32.0092794438128,-33.2026003640821,-30.9473304961896,4,18.665698823,"Online NN-DPD adaptation",30,250,16,16QAM
S7,OFDM-QAM (repli apres echec 5G NR),16QAM,30,2.92256071356476,No_DPD,-5.55299849081467,-2.58299478178598,-1.18416413307241,52.7655021429719,74.276299872029,87.2552954401469,-17.8014151938848,-12.841559854165,-12.2553667320227,0,4.701527773,"Stress test 5G NR avec variation de bande, modulation et numérologie",30,250,16,16QAM
S7,OFDM-QAM (repli apres echec 5G NR),16QAM,30,2.92256071356476,MP_DPD,-14.0410100658825,-14.3938400808155,-12.7574870664154,19.8586397151744,19.0681252503658,23.0210774886257,-34.2046824010787,-33.8156796743135,-25.6329012582866,0,4.740118005,"Static MP-DPD baseline",30,250,16,16QAM
S7,OFDM-QAM (repli apres echec 5G NR),16QAM,30,2.92256071356476,GMP_DPD,-14.0055128656152,-14.420426245488,-12.8910154682715,19.9399633951647,19.0098498997944,22.6698802784313,-34.4927078896733,-34.0449607782403,-26.7178084421698,0,4.754888589,"Static GMP-DPD baseline",30,250,16,16QAM
S7,OFDM-QAM (repli apres echec 5G NR),16QAM,30,2.92256071356476,NN_DPD_Static,-13.9021859851023,-14.6264952314121,-13.3991953918276,20.1785846364695,18.564157246643,21.3816014652564,-31.2284901890821,-31.7373382098462,-31.2318494017903,0,18.990320335,"Offline NN-DPD with fixed weights",30,250,16,16QAM
S7,OFDM-QAM (repli apres echec 5G NR),16QAM,30,2.92256071356476,NN_DPD_Adaptive,-13.8737909110422,-14.6427020941795,-13.5149981017197,20.2446584646669,18.529550977777,21.0984278440414,-31.118737316085,-31.713950839783,-31.3144176397561,5,22.996639412,"Online NN-DPD adaptation",30,250,16,16QAM
S8,OFDM-QAM,16QAM,30,2.92256071356476,No_DPD,-5.62708522720889,-2.05065382417235,-0.881085769062958,52.3173500999303,78.9709402348217,90.3536521179529,-20.4581347540143,-15.47795880056,-12.4312200814937,0,3.555291585,"Optimisation de la politique d adaptation par RL ou heuristique",30,250,16,16QAM
S8,OFDM-QAM,16QAM,30,2.92256071356476,MP_DPD,-14.0426548125566,-14.0485032331643,-13.3087537578384,19.854879669776,19.8415153964627,21.6054000450776,-35.3166503951619,-30.783214106609,-32.9506768701853,0,3.591067851,"Static MP-DPD baseline",30,250,16,16QAM
S8,OFDM-QAM,16QAM,30,2.92256071356476,GMP_DPD,-14.0083984420849,-14.1038623666411,-13.3394803448157,19.933340155046,19.7154585112732,21.5291053415667,-35.881280832853,-31.2994072959317,-33.0191785361581,0,3.602458129,"Static GMP-DPD baseline",30,250,16,16QAM
S8,OFDM-QAM,16QAM,30,2.92256071356476,NN_DPD_Static,-13.6064052177572,-14.2478148644222,-13.0561857491107,20.8775599343911,19.3914041002351,22.2428643126269,-32.1851504887289,-33.3193339192581,-30.9758200991629,0,15.443204523,"Offline NN-DPD with fixed weights",30,250,16,16QAM
S8,OFDM-QAM,16QAM,30,2.92256071356476,RL_Adaptive_Policy,-13.5786457293333,-14.2180684363869,-13.0268359499661,20.9443898730481,19.457927378894,22.3181505323163,-32.0092794438128,-33.1717776236248,-30.8329738051862,0,16.780718486,"Online NN-DPD adaptation",30,250,16,16QAM
S0,OFDM-QAM,64QAM,30,2.92256071356476,No_DPD,-6.66267563558185,-6.5578116541369,-4.82424594161819,46.4372206148619,47.001250987642,57.3835884238374,-22.9711218594958,-21.9203699613122,-18.4861867265173,0,3.244282936,"Calibration nominale et référence de performance",30,250,64,64QAM
S0,OFDM-QAM,64QAM,30,2.92256071356476,MP_DPD,-21.6221542484072,-20.8323160959447,-21.1808601358809,8.2964497592642,9.08623981811996,8.72884925104675,-35.8325348626288,-34.2476000075965,-35.1456636923896,0,3.278598454,"Static MP-DPD baseline",30,250,64,64QAM
S0,OFDM-QAM,64QAM,30,2.92256071356476,GMP_DPD,-21.2587361082269,-20.5400194176754,-20.8877441578764,8.65093790209027,9.39721209775593,9.02844157770727,-35.7785007991554,-34.1363032543212,-35.0256720179509,0,3.290737116,"Static GMP-DPD baseline",30,250,64,64QAM
S0,OFDM-QAM,64QAM,30,2.92256071356476,NN_DPD_Static,-17.4617655907253,-17.4139246325785,-17.3922619638185,13.3940439748808,13.4680204877313,13.5016517447269,-33.1963902599102,-32.4953987731293,-32.6107790759975,0,14.955132455,"Offline NN-DPD with fixed weights",30,250,64,64QAM
S0,OFDM-QAM,64QAM,30,2.92256071356476,NN_DPD_Adaptive,-17.4113757011233,-17.3433002456929,-17.3220361903719,13.4719733469118,13.5779744687134,13.6112556309381,-33.0041218696181,-32.2723007798651,-32.3387728537684,0,15.852794594,"Online NN-DPD adaptation",30,250,64,64QAM
S1,OFDM-QAM,64QAM,30,2.92256071356476,No_DPD,-6.01536291422323,-3.4405267082732,-0.545066998550392,50.0301556798938,67.293584853286,93.9175273660572,-21.1960049525533,-16.2105460687261,-12.2100263757143,0,3.671106237,"Dérive thermique graduelle du PA",30,250,64,64QAM
S1,OFDM-QAM,64QAM,30,2.92256071356476,MP_DPD,-20.9383127605128,-18.3549221672201,-17.0157401718687,8.97603137537171,12.0852013808886,14.0998012661832,-35.7787650406056,-30.2953705635186,-32.2899192016714,0,3.706951249,"Static MP-DPD baseline",30,250,64,64QAM
S1,OFDM-QAM,64QAM,30,2.92256071356476,GMP_DPD,-20.6255280882149,-18.1890026014955,-16.9124465985245,9.30515465356001,12.3182742804649,14.2684786609113,-35.7238225864461,-30.2047398120004,-32.2221103376145,0,3.718117709,"Static GMP-DPD baseline",30,250,64,64QAM
S1,OFDM-QAM,64QAM,30,2.92256071356476,NN_DPD_Static,-17.2040096594957,-16.7209990668361,-16.0941149459882,13.7974718610285,14.5864647445352,15.678129692767,-33.177920096999,-32.2936115029387,-31.79845678259,0,15.554513218,"Offline NN-DPD with fixed weights",30,250,64,64QAM
S1,OFDM-QAM,64QAM,30,2.92256071356476,NN_DPD_Adaptive,-17.1595759480938,-16.6655618684652,-16.0592248938786,13.8682353302565,14.6798597562709,15.7412332885624,-32.9698244196277,-32.0793437209563,-31.4433032424409,1,16.912946276,"Online NN-DPD adaptation",30,250,64,64QAM
S2,OFDM-QAM,64QAM,30,2.92256071356476,No_DPD,-6.66267563558185,-1.34860336920385,-0.171317136891447,46.4372206148619,85.6189369963499,98.0469623665448,-22.9711218594958,-12.6721552975305,-11.9470943928228,0,3.418151704,"Rupture brutale de puissance ou changement d IBO",30,250,64,64QAM
S2,OFDM-QAM,64QAM,30,2.92256071356476,MP_DPD,-21.6221542484072,-12.8280450741561,-16.0497104150067,8.2964497592642,22.8348280839416,15.7584856019336,-35.8325348626288,-26.5692117409538,-31.5356965097858,0,3.454027757,"Static MP-DPD baseline",30,250,64,64QAM
S2,OFDM-QAM,64QAM,30,2.92256071356476,GMP_DPD,-21.2587361082269,-12.7851465882537,-15.9675769400447,8.65093790209027,22.9478853051646,15.9082040528035,-35.7785007991554,-26.5003396769284,-31.4684767182153,0,3.466376246,"Static GMP-DPD baseline",30,250,64,64QAM
S2,OFDM-QAM,64QAM,30,2.92256071356476,NN_DPD_Static,-17.4617655907253,-12.5714165349147,-15.5599108730848,13.3940439748808,23.5195589430303,16.6726432045474,-33.1963902599102,-31.1569586384492,-31.4217319208134,0,15.278521047,"Offline NN-DPD with fixed weights",30,250,64,64QAM
S2,OFDM-QAM,64QAM,30,2.92256071356476,NN_DPD_Adaptive,-17.4113757011233,-12.7985749045795,-16.5128829778696,13.4719733469118,22.9124354665684,14.9401807291308,-33.0041218696181,-30.9358029025735,-31.1077560944684,1,17.090216742,"Online NN-DPD adaptation",30,250,64,64QAM
S3,OFDM-QAM,64QAM,30,2.92256071356476,No_DPD,-6.46568230939887,-6.29582338176612,-4.6437112215052,47.5024363310493,48.4405238307785,58.5887778658346,-22.8706291475279,-22.1166931355698,-18.5021953389562,0,3.230826922,"Variation des effets mémoire du PA",30,250,64,64QAM
S3,OFDM-QAM,64QAM,30,2.92256071356476,MP_DPD,-17.2359499083263,-16.4567391145187,-17.0875246315315,13.7468281824565,15.0370638657146,13.9837537780243,-36.156835632069,-33.9162901741151,-35.4862736919327,0,3.247989885,"Static MP-DPD baseline",30,250,64,64QAM
S3,OFDM-QAM,64QAM,30,2.92256071356476,GMP_DPD,-17.0706287721858,-16.35648652968,-16.9543573007076,14.0109815567091,15.2116272051811,14.199796973908,-36.1440048472183,-33.7750406370778,-35.4028281889734,0,3.258691477,"Static GMP-DPD baseline",30,250,64,64QAM
S3,OFDM-QAM,64QAM,30,2.92256071356476,NN_DPD_Static,-15.2278972797213,-14.8829959240246,-15.262794062286,17.3222832582891,18.023959539241,17.2528281665912,-32.9106282729266,-32.7144253988799,-32.2914460607181,0,15.111878254,"Offline NN-DPD with fixed weights",30,250,64,64QAM
S3,OFDM-QAM,64QAM,30,2.92256071356476,NN_DPD_Adaptive,-15.1976667924162,-14.9271402113256,-15.5458726040041,17.3826770029294,17.9325887730547,16.6996115756628,-32.7103278452095,-32.5308772126211,-32.0259844665746,2,17.004451174,"Online NN-DPD adaptation",30,250,64,64QAM
S4,OFDM-QAM,64QAM,30,2.92256071356476,No_DPD,-6.11311201858883,-3.80103135365712,-0.769736978700474,49.4702834865797,64.5577569262814,91.5193972258686,-21.2896753429671,-16.5159528726532,-12.2160247836114,0,3.438211333,"Vieillissement lent du PA",30,250,64,64QAM
S4,OFDM-QAM,64QAM,30,2.92256071356476,MP_DPD,-21.3346748449914,-19.0471314357928,-18.1077776240401,8.57563440058109,11.1594663819258,12.4340073226665,-35.7117602287195,-30.590775876274,-32.5637857385562,0,3.627923468,"Static MP-DPD baseline",30,250,64,64QAM
S4,OFDM-QAM,64QAM,30,2.92256071356476,GMP_DPD,-20.9925647991446,-18.8531553693216,-17.9733252138667,8.92014183702259,11.4114867816252,12.6279757522829,-35.6574924539409,-30.4979762952698,-32.4838704290286,0,3.644590673,"Static GMP-DPD baseline",30,250,64,64QAM
S4,OFDM-QAM,64QAM,30,2.92256071356476,NN_DPD_Static,-17.3599422182491,-17.0772885524903,-16.694038257129,13.5519842760229,14.0002429565224,14.6318111498378,-33.1005512158235,-32.1239786887134,-31.6405495818768,0,15.436111767,"Offline NN-DPD with fixed weights",30,250,64,64QAM
S4,OFDM-QAM,64QAM,30,2.92256071356476,NN_DPD_Adaptive,-17.3133148462833,-17.0179642892982,-16.6396203641945,13.6249293091948,14.0961913194292,14.7237685447737,-32.8987159712415,-31.919959709271,-31.3256680455848,0,16.415142225,"Online NN-DPD adaptation",30,250,64,64QAM
S5,OFDM-QAM,64QAM,30,2.92256071356476,No_DPD,-5.37047961563612,-5.31702397575129,-4.07222496768282,53.8860089888116,54.2186626603881,62.5732556445056,-20.2011573355585,-20.2061662355259,-19.2719113527618,0,3.476314949,"Variation de charge, désadaptation ou effet VSWR",30,250,64,64QAM
S5,OFDM-QAM,64QAM,30,2.92256071356476,MP_DPD,-11.445033581274,-11.4295856953331,-11.3096491919022,26.7761616318353,26.8238255041592,27.1967832699647,-35.6147204341657,-34.3592263500517,-35.2575897372621,0,3.511575649,"Static MP-DPD baseline",30,250,64,64QAM
S5,OFDM-QAM,64QAM,30,2.92256071356476,GMP_DPD,-11.4149287488342,-11.3982444154968,-11.2835422279642,26.8691274009222,26.9207886959539,27.2786509418472,-35.5557272807018,-34.2503332736854,-35.1467108655511,0,3.52344729,"Static GMP-DPD baseline",30,250,64,64QAM
S5,OFDM-QAM,64QAM,30,2.92256071356476,NN_DPD_Static,-10.8360166924664,-10.8832198179972,-10.7594542171525,28.7209741022095,28.5653144445872,28.9752564966413,-33.0556797523713,-32.3209597420621,-32.681489315496,0,15.156055893,"Offline NN-DPD with fixed weights",30,250,64,64QAM
S5,OFDM-QAM,64QAM,30,2.92256071356476,NN_DPD_Adaptive,-10.820655056568,-10.8704719195349,-10.7458335854412,28.7718142053747,28.6072692812078,29.0207292019699,-32.8745058308827,-32.118828606602,-32.4061663939316,0,16.136049158,"Online NN-DPD adaptation",30,250,64,64QAM
S6,OFDM-QAM,64QAM,30,2.92256071356476,No_DPD,-6.0516613231666,-2.75957811470756,-0.251106194745859,49.8215154789695,72.7815154635115,97.1504217412702,-21.2102771599467,-16.2745041957162,-10.9495868111354,0,3.6037427,"Dérive combinée thermique + puissance + mémoire + charge",30,250,64,64QAM
S6,OFDM-QAM,64QAM,30,2.92256071356476,MP_DPD,-14.3128833732129,-14.0319409654485,-12.7286210374646,19.2466802504934,19.8793853222677,23.0977112660266,-35.1964215122849,-29.1758255494304,-31.0550731867109,0,3.63935492,"Static MP-DPD baseline",30,250,64,64QAM
S6,OFDM-QAM,64QAM,30,2.92256071356476,GMP_DPD,-14.2367318171773,-13.9743544680197,-12.6933671748389,19.4161629942077,20.0116213414871,23.1916496303077,-35.1700910844337,-29.0891365642643,-30.9779314149597,0,3.655156572,"Static GMP-DPD baseline",30,250,64,64QAM
S6,OFDM-QAM,64QAM,30,2.92256071356476,NN_DPD_Static,-13.1838269260339,-13.5234181050752,-12.5087274871073,21.9183901772306,21.0779851763274,23.6899217191418,-32.1778371147596,-32.7195654874089,-30.91633558354,0,15.55291556,"Offline NN-DPD with fixed weights",30,250,64,64QAM
S6,OFDM-QAM,64QAM,30,2.92256071356476,NN_DPD_Adaptive,-13.1610844422166,-13.6501995120627,-12.772947407182,21.9758548485803,20.7725601112895,22.9801378551073,-32.0171549491262,-32.4956874575141,-30.7471202537853,4,18.805617187,"Online NN-DPD adaptation",30,250,64,64QAM
S7,OFDM-QAM (repli apres echec 5G NR),64QAM,30,2.92256071356476,No_DPD,-6.01751322565231,-0.920593394935057,-0.873613017693473,50.0177715598287,89.9436132547922,90.4314197310707,-20.8355760322935,-11.3070201349879,-12.1877663311914,0,4.656810991,"Stress test 5G NR avec variation de bande, modulation et numérologie",30,250,64,64QAM
S7,OFDM-QAM (repli apres echec 5G NR),64QAM,30,2.92256071356476,MP_DPD,-14.2903494779996,-14.356594656485,-12.7978735831339,19.2966769417475,19.1500656511464,22.9142855512201,-34.3506791263948,-31.9362282820081,-28.6601628417043,0,4.69638775,"Static MP-DPD baseline",30,250,64,64QAM
S7,OFDM-QAM (repli apres echec 5G NR),64QAM,30,2.92256071356476,GMP_DPD,-14.2160053353733,-14.2938417632071,-12.7955940426844,19.4625496385908,19.2889199984051,22.9203000065907,-34.2885425089776,-31.8615986497183,-28.6872210428113,0,4.710746888,"Static GMP-DPD baseline",30,250,64,64QAM
S7,OFDM-QAM (repli apres echec 5G NR),64QAM,30,2.92256071356476,NN_DPD_Static,-13.9822793637379,-14.5840705986141,-13.4400077340927,19.9933713183892,18.6550522627626,21.2813715104529,-31.3300335328432,-31.1823519415849,-30.9493909018877,0,18.942436751,"Offline NN-DPD with fixed weights",30,250,64,64QAM
S7,OFDM-QAM (repli apres echec 5G NR),64QAM,30,2.92256071356476,NN_DPD_Adaptive,-13.9536592355439,-14.5551124077348,-13.5489528339517,20.059358411826,18.7173507850637,21.0161112284837,-31.2177664739074,-31.1911052129581,-31.2275087322585,7,25.003347248,"Online NN-DPD adaptation",30,250,64,64QAM
S8,OFDM-QAM,64QAM,30,2.92256071356476,No_DPD,-6.0516613231666,-2.75957811470756,-0.251106194745859,49.8215154789695,72.7815154635115,97.1504217412702,-21.2102771599467,-16.2745041957162,-10.9495868111354,0,3.56394349,"Optimisation de la politique d adaptation par RL ou heuristique",30,250,64,64QAM
S8,OFDM-QAM,64QAM,30,2.92256071356476,MP_DPD,-14.3128833732129,-14.0319409654485,-12.7286210374646,19.2466802504934,19.8793853222677,23.0977112660266,-35.1964215122849,-29.1758255494304,-31.0550731867109,0,3.598669157,"Static MP-DPD baseline",30,250,64,64QAM
S8,OFDM-QAM,64QAM,30,2.92256071356476,GMP_DPD,-14.2367318171773,-13.9743544680197,-12.6933671748389,19.4161629942077,20.0116213414871,23.1916496303077,-35.1700910844337,-29.0891365642643,-30.9779314149597,0,3.611129406,"Static GMP-DPD baseline",30,250,64,64QAM
S8,OFDM-QAM,64QAM,30,2.92256071356476,NN_DPD_Static,-13.1838269260339,-13.5234181050752,-12.5087274871073,21.9183901772306,21.0779851763274,23.6899217191418,-32.1778371147596,-32.7195654874089,-30.91633558354,0,15.459208183,"Offline NN-DPD with fixed weights",30,250,64,64QAM
S8,OFDM-QAM,64QAM,30,2.92256071356476,RL_Adaptive_Policy,-13.1610844422166,-13.489983964976,-12.4873895964528,21.9758548485803,21.1592759145204,23.7481902892023,-32.0171549491262,-32.4644342288201,-30.6169139159697,0,16.786134161,"Online NN-DPD adaptation",30,250,64,64QAM
S0,OFDM-QAM,256QAM,30,2.92256071356476,No_DPD,-6.36856846473199,-6.99484993696619,-6.20331560692355,48.0365243474797,44.6948519623083,48.9591895033849,-22.9040543581343,-23.2091338460698,-20.5088503329416,0,3.099393591,"Calibration nominale et référence de performance",30,250,256,256QAM
S0,OFDM-QAM,256QAM,30,2.92256071356476,MP_DPD,-21.0369008704351,-21.0686746779959,-20.249662667072,8.87472606203234,8.84232077986747,9.71665687316353,-34.9011261823751,-35.3470235468507,-34.2831763732345,0,3.136048189,"Static MP-DPD baseline",30,250,256,256QAM
S0,OFDM-QAM,256QAM,30,2.92256071356476,GMP_DPD,-20.8346061481977,-20.9009061663259,-20.2238990204502,9.08384452851304,9.01477084972898,9.74552071550757,-35.4144156947653,-35.7343161842865,-34.5882146206972,0,3.147215587,"Static GMP-DPD baseline",30,250,256,256QAM
S0,OFDM-QAM,256QAM,30,2.92256071356476,NN_DPD_Static,-19.2186902062307,-19.311278569889,-19.0779414835106,10.9412134249581,10.8252035553811,11.1199523388753,-32.5528313407996,-32.6152085298543,-31.9745039059779,0,15.007651523,"Offline NN-DPD with fixed weights",30,250,256,256QAM
S0,OFDM-QAM,256QAM,30,2.92256071356476,NN_DPD_Adaptive,-19.0912426094209,-19.1410598980325,-18.9062623493734,11.1029368458348,11.0394390262946,11.3419279093561,-32.0556169823324,-32.1892721814394,-31.2443673617909,0,15.891166536,"Online NN-DPD adaptation",30,250,256,256QAM
S1,OFDM-QAM,256QAM,30,2.92256071356476,No_DPD,-5.53974700470639,-4.13494835496412,-1.07824000045373,52.8460644108526,62.1230231797376,88.3258854764437,-21.0201012839886,-17.4343092406272,-12.6534154942373,0,3.645732681,"Dérive thermique graduelle du PA",30,250,256,256QAM
S1,OFDM-QAM,256QAM,30,2.92256071356476,MP_DPD,-20.3479303361726,-19.3471437190297,-15.8400072831908,9.60734713881618,10.7805970618177,16.1435720317396,-34.8969333462667,-35.1680702539441,-31.9648772115447,0,3.693589995,"Static MP-DPD baseline",30,250,256,256QAM
S1,OFDM-QAM,256QAM,30,2.92256071356476,GMP_DPD,-20.1975458479675,-19.3865376342482,-16.0108802780789,9.77513373158502,10.7318135369331,15.8290913744904,-35.3992789333948,-35.6601312018077,-32.0095186893176,0,3.707678613,"Static GMP-DPD baseline",30,250,256,256QAM
S1,OFDM-QAM,256QAM,30,2.92256071356476,NN_DPD_Static,-18.8726553766243,-18.5162938638797,-17.213948153345,11.3858964867893,11.8627480549267,13.7816936651,-32.5907733168626,-32.5969812875993,-31.1905018273121,0,15.513775167,"Offline NN-DPD with fixed weights",30,250,256,256QAM
S1,OFDM-QAM,256QAM,30,2.92256071356476,NN_DPD_Adaptive,-18.6895781627138,-18.3756349597385,-17.0102568183059,11.628430240481,12.0564167594234,14.1087052020926,-31.7992077407424,-32.0308229582051,-29.3832576871939,1,16.884111569,"Online NN-DPD adaptation",30,250,256,256QAM
S2,OFDM-QAM,256QAM,30,2.92256071356476,No_DPD,-6.36856846473199,-1.94756953722654,-0.456064243747324,48.0365243474797,79.9137522942973,94.8848308702134,-22.9040543581343,-13.2901296786777,-12.1077087556877,0,3.289314048,"Rupture brutale de puissance ou changement d IBO",30,250,256,256QAM
S2,OFDM-QAM,256QAM,30,2.92256071356476,MP_DPD,-21.0369008704351,-13.3704706984967,-14.6305818076203,8.87472606203234,21.4524285945145,18.5554251532239,-34.9011261823751,-33.6089821464104,-31.4989679626287,0,3.325687204,"Static MP-DPD baseline",30,250,256,256QAM
S2,OFDM-QAM,256QAM,30,2.92256071356476,GMP_DPD,-20.8346061481977,-13.4370339293952,-14.9846782713289,9.08384452851304,21.2886589018687,17.8141902622803,-35.4144156947653,-34.3301722311032,-31.5441780748723,0,3.338700473,"Static GMP-DPD baseline",30,250,256,256QAM
S2,OFDM-QAM,256QAM,30,2.92256071356476,NN_DPD_Static,-19.2186902062307,-13.227316027753,-16.6426523027901,10.9412134249581,21.8089219688841,14.7186298919138,-32.5528313407996,-31.8522628438557,-30.8407772759085,0,15.103578353,"Offline NN-DPD with fixed weights",30,250,256,256QAM
S2,OFDM-QAM,256QAM,30,2.92256071356476,NN_DPD_Adaptive,-19.0912426094209,-13.2940863913233,-16.5280784989448,11.1029368458348,21.6419146734848,14.9140664940861,-32.0556169823324,-30.9150062571505,-28.953332475377,6,20.006966351,"Online NN-DPD adaptation",30,250,256,256QAM
S3,OFDM-QAM,256QAM,30,2.92256071356476,No_DPD,-6.18971946072003,-6.72010772848112,-6.0321463583979,49.0358860283021,46.1311853012501,49.9335774776115,-22.7712555366024,-23.4146060144435,-20.3660072193435,0,3.396620884,"Variation des effets mémoire du PA",30,250,256,256QAM
S3,OFDM-QAM,256QAM,30,2.92256071356476,MP_DPD,-17.0302313252082,-16.4919436876812,-16.6843712265901,14.0762973944724,14.9762408424531,14.6481048068095,-35.1252442082932,-35.0461139937843,-34.511528969976,0,3.432457317,"Static MP-DPD baseline",30,250,256,256QAM
S3,OFDM-QAM,256QAM,30,2.92256071356476,GMP_DPD,-16.9015488093698,-16.4513430315983,-16.6474368366297,14.2863919047419,15.0464084989621,14.7105245171366,-35.6712644788826,-35.3762753911401,-34.8387737537257,0,3.443438684,"Static GMP-DPD baseline",30,250,256,256QAM
S3,OFDM-QAM,256QAM,30,2.92256071356476,NN_DPD_Static,-16.173181062132,-15.8146919626066,-16.1213616454111,15.5360620422261,16.1906916536624,15.6290261466131,-32.2583334461498,-32.7857596897013,-31.6872463792711,0,15.349811528,"Offline NN-DPD with fixed weights",30,250,256,256QAM
S3,OFDM-QAM,256QAM,30,2.92256071356476,NN_DPD_Adaptive,-16.1055686415083,-15.784372851057,-16.018284693769,15.6574692669284,16.2473059044062,15.8156033801729,-31.8133992150923,-32.4532899548813,-30.9784871718518,3,17.804227867,"Online NN-DPD adaptation",30,250,256,256QAM
S4,OFDM-QAM,256QAM,30,2.92256071356476,No_DPD,-5.65043613977386,-4.50297945965832,-1.46791071782609,52.1768904287727,59.5457852771801,84.4509353648214,-21.1217732829131,-17.7657147619342,-12.803275600606,0,3.488413482,"Vieillissement lent du PA",30,250,256,256QAM
S4,OFDM-QAM,256QAM,30,2.92256071356476,MP_DPD,-20.7071737689267,-20.1125478615729,-16.834727249972,9.21809780139134,9.87126036234107,14.3967226289694,-34.8234181080107,-35.0212266775542,-32.1792813365387,0,3.522869149,"Static MP-DPD baseline",30,250,256,256QAM
S4,OFDM-QAM,256QAM,30,2.92256071356476,GMP_DPD,-20.5461644009055,-20.146785251046,-17.0282992560761,9.39056622826299,9.83242715249382,14.0794288416583,-35.3267228841558,-35.4932171263098,-32.2446571121204,0,3.536406172,"Static GMP-DPD baseline",30,250,256,256QAM
S4,OFDM-QAM,256QAM,30,2.92256071356476,NN_DPD_Static,-19.0672951261063,-18.9439652304245,-17.9239837954722,11.1335905009285,11.2928026470397,12.6999148823133,-32.5069181619899,-32.3991891381351,-31.056774543885,0,15.416753082,"Offline NN-DPD with fixed weights",30,250,256,256QAM
S4,OFDM-QAM,256QAM,30,2.92256071356476,NN_DPD_Adaptive,-18.8824990237952,-18.7937134732835,-17.7151092052763,11.3730002530778,11.4898491355467,13.0090187528399,-31.751307990468,-31.879578045962,-29.4639883102852,1,16.748838068,"Online NN-DPD adaptation",30,250,256,256QAM
S5,OFDM-QAM,256QAM,30,2.92256071356476,No_DPD,-5.10566413800128,-5.72764578503266,-5.00438729288086,55.5541865836624,51.7151407182582,56.205735507181,-20.5770089611853,-20.7878236439592,-21.517092409155,0,3.437952567,"Variation de charge, désadaptation ou effet VSWR",30,250,256,256QAM
S5,OFDM-QAM,256QAM,30,2.92256071356476,MP_DPD,-11.3520174589999,-11.443733519956,-11.2137368652372,27.0644450896683,26.7801696561949,27.4987629178561,-34.7094787485987,-35.2070871938025,-34.3821409757728,0,3.474074519,"Static MP-DPD baseline",30,250,256,256QAM
S5,OFDM-QAM,256QAM,30,2.92256071356476,GMP_DPD,-11.3366345693956,-11.4224228493009,-11.2125634102365,27.1124192489154,26.845954978998,27.5024782241776,-35.2280375424913,-35.6332539403885,-34.7034824794243,0,3.485831575,"Static GMP-DPD baseline",30,250,256,256QAM
S5,OFDM-QAM,256QAM,30,2.92256071356476,NN_DPD_Static,-11.1293979870642,-11.2205509929838,-11.082929726616,27.7670729107659,27.4771984483464,27.9160208273777,-32.4467173917514,-32.5816368637527,-32.0395318781117,0,15.296519212,"Offline NN-DPD with fixed weights",30,250,256,256QAM
S5,OFDM-QAM,256QAM,30,2.92256071356476,NN_DPD_Adaptive,-11.1038095852169,-11.1935365873056,-11.0578514286124,27.8489945857077,27.5627896445437,27.9967377087288,-32.0286037566173,-32.2024939214869,-31.4066560529404,2,17.270775357,"Online NN-DPD adaptation",30,250,256,256QAM
S6,OFDM-QAM,256QAM,30,2.92256071356476,No_DPD,-5.66432272795107,-3.39145134803935,-0.586350173758826,52.09353913913,67.6748703759183,93.4722057614658,-21.0540315295677,-17.5210579475567,-11.536620397151,0,3.968891571,"Dérive combinée thermique + puissance + mémoire + charge",30,250,256,256QAM
S6,OFDM-QAM,256QAM,30,2.92256071356476,MP_DPD,-14.1943449016752,-14.5635762602408,-12.1089781920051,19.5111449307761,18.6991207887805,24.8056773449968,-34.2208279010851,-35.5531795817602,-30.9788215032753,0,4.003950068,"Static MP-DPD baseline",30,250,256,256QAM
S6,OFDM-QAM,256QAM,30,2.92256071356476,GMP_DPD,-14.1446757984245,-14.5987308542298,-12.2783856385132,19.6230364283007,18.6235923690533,24.3265610109346,-34.7381559372711,-36.1552562975676,-31.0210597975745,0,4.016997805,"Static GMP-DPD baseline",30,250,256,256QAM
S6,OFDM-QAM,256QAM,30,2.92256071356476,NN_DPD_Static,-13.6797722215699,-14.3340587528376,-12.9121979132522,20.701956368086,19.1998158082779,22.614662166449,-31.554474716506,-33.1426678375964,-30.3074816069214,0,15.16346712,"Offline NN-DPD with fixed weights",30,250,256,256QAM
S6,OFDM-QAM,256QAM,30,2.92256071356476,NN_DPD_Adaptive,-13.624034619926,-14.2929454145369,-12.974875003672,20.8352285612007,19.2909106396233,22.4520628783133,-30.9921177413943,-32.5471295857242,-28.6011467605648,6,19.92904628,"Online NN-DPD adaptation",30,250,256,256QAM
S7,OFDM-QAM (repli apres echec 5G NR),256QAM,30,2.92256071356476,No_DPD,-5.79905903323352,-3.01907085698827,-0.470335339455931,51.2916946711952,70.6393114182476,94.7290611388123,-20.1356512509829,-13.4492974760929,-11.9331965172525,0,4.305998751,"Stress test 5G NR avec variation de bande, modulation et numérologie",30,250,256,256QAM
S7,OFDM-QAM (repli apres echec 5G NR),256QAM,30,2.92256071356476,MP_DPD,-14.1949116179133,-14.1152750235674,-11.8539542922685,19.5098719555941,19.6895707764257,25.5447869781909,-34.6129165343224,-29.205315025613,-23.0348187036099,0,4.337768239,"Static MP-DPD baseline",30,250,256,256QAM
S7,OFDM-QAM (repli apres echec 5G NR),256QAM,30,2.92256071356476,GMP_DPD,-14.1549056836152,-14.275119235961,-11.9797404193002,19.5999388237946,19.3305423126137,25.1775217049527,-34.9689148211691,-30.9860326803006,-23.3302016649486,0,4.351611757,"Static GMP-DPD baseline",30,250,256,256QAM
S7,OFDM-QAM (repli apres echec 5G NR),256QAM,30,2.92256071356476,NN_DPD_Static,-13.9585573995914,-14.6190362417973,-13.1815339751817,20.0480496877131,18.5801060249784,21.9241770830956,-31.8499848667228,-31.23527526024,-30.4153119325837,0,17.564268826,"Offline NN-DPD with fixed weights",30,250,256,256QAM
S7,OFDM-QAM (repli apres echec 5G NR),256QAM,30,2.92256071356476,NN_DPD_Adaptive,-13.9101898049498,-14.6400073902661,-13.3096746483825,20.1599991634642,18.5353004636436,21.6031095308347,-31.5981378358644,-31.2793138159646,-30.7207182467805,7,22.993685578,"Online NN-DPD adaptation",30,250,256,256QAM
S8,OFDM-QAM,256QAM,30,2.92256071356476,No_DPD,-5.66432272795107,-3.39145134803935,-0.586350173758826,52.09353913913,67.6748703759183,93.4722057614658,-21.0540315295677,-17.5210579475567,-11.536620397151,0,3.269592637,"Optimisation de la politique d adaptation par RL ou heuristique",30,250,256,256QAM
S8,OFDM-QAM,256QAM,30,2.92256071356476,MP_DPD,-14.1943449016752,-14.5635762602408,-12.1089781920051,19.5111449307761,18.6991207887805,24.8056773449968,-34.2208279010851,-35.5531795817602,-30.9788215032753,0,3.302631894,"Static MP-DPD baseline",30,250,256,256QAM
S8,OFDM-QAM,256QAM,30,2.92256071356476,GMP_DPD,-14.1446757984245,-14.5987308542298,-12.2783856385132,19.6230364283007,18.6235923690533,24.3265610109346,-34.7381559372711,-36.1552562975676,-31.0210597975745,0,3.313618385,"Static GMP-DPD baseline",30,250,256,256QAM
S8,OFDM-QAM,256QAM,30,2.92256071356476,NN_DPD_Static,-13.6797722215699,-14.3340587528376,-12.9121979132522,20.701956368086,19.1998158082779,22.614662166449,-31.554474716506,-33.1426678375964,-30.3074816069214,0,14.326149893,"Offline NN-DPD with fixed weights",30,250,256,256QAM
S8,OFDM-QAM,256QAM,30,2.92256071356476,RL_Adaptive_Policy,-13.624034619926,-14.275065618087,-12.8197513599193,20.8352285612007,19.3306616401464,22.8566423128535,-30.9921177413943,-32.5273538243437,-28.433409759435,0,15.471196932,"Online NN-DPD adaptation",30,250,256,256QAM
S0,OFDM-QAM,4QAM,40,2.92256071356476,No_DPD,-5.75676127492817,-4.92130965529517,-4.965352068643,51.5420794740221,56.7459037689502,56.4588979356374,-23.5833910985793,-21.3203063969896,-21.1741476951915,0,2.848725852,"Calibration nominale et référence de performance",40,332,4,QPSK
S0,OFDM-QAM,4QAM,40,2.92256071356476,MP_DPD,-20.4533639642119,-20.382092989204,-20.2963212967612,9.49143333631214,9.5696344949481,9.66460113658779,-35.9009575904813,-34.4813726976296,-34.5108966550034,0,2.883639027,"Static MP-DPD baseline",40,332,4,QPSK
S0,OFDM-QAM,4QAM,40,2.92256071356476,GMP_DPD,-19.9700357672442,-19.913350725145,-19.8623129459886,10.0345571705302,10.1002579126189,10.1597811432263,-35.835737566429,-34.4068767211983,-34.4171989428206,0,2.894709991,"Static GMP-DPD baseline",40,332,4,QPSK
S0,OFDM-QAM,4QAM,40,2.92256071356476,NN_DPD_Static,-18.3605370609707,-18.2304735859842,-18.2631403205129,12.0773915655984,12.2596005709816,12.2135800718658,-31.9894296138404,-31.3054487887535,-31.3340410137765,0,13.769499651,"Offline NN-DPD with fixed weights",40,332,4,QPSK
S0,OFDM-QAM,4QAM,40,2.92256071356476,NN_DPD_Adaptive,-18.2618046673209,-18.0674083929804,-18.1351304507039,12.2154583321488,12.491931104707,12.3949128477926,-31.8850378094368,-31.136470783912,-31.1005403018153,0,14.592514016,"Online NN-DPD adaptation",40,332,4,QPSK
S1,OFDM-QAM,4QAM,40,2.92256071356476,No_DPD,-5.17406032847956,-2.21011618837297,-0.755643616323345,55.1184484022303,77.5343571766775,91.6680133205307,-21.5173587585482,-15.8918772433728,-13.6746506237656,0,3.410825357,"Dérive thermique graduelle du PA",40,332,4,QPSK
S1,OFDM-QAM,4QAM,40,2.92256071356476,MP_DPD,-19.6622175989516,-18.299442318236,-16.2389638240973,10.3965469716649,12.1626408896621,15.4188437977957,-35.6337177965855,-33.6162809949599,-32.0972288520546,0,3.446077223,"Static MP-DPD baseline",40,332,4,QPSK
S1,OFDM-QAM,4QAM,40,2.92256071356476,GMP_DPD,-19.2776509057326,-18.090311146787,-16.4035154439232,10.8671948658921,12.459036055907,15.1294878807725,-35.5845676337273,-33.6131416931768,-32.366986992899,0,3.458511286,"Static GMP-DPD baseline",40,332,4,QPSK
S1,OFDM-QAM,4QAM,40,2.92256071356476,NN_DPD_Static,-17.9432310565865,-17.160166222196,-16.0368571033722,12.6718040083021,13.8672929072748,15.781822148187,-31.9058303038236,-30.8075646195834,-29.7664828549472,0,14.433746172,"Offline NN-DPD with fixed weights",40,332,4,QPSK
S1,OFDM-QAM,4QAM,40,2.92256071356476,NN_DPD_Adaptive,-17.8541397305143,-17.012008935698,-15.7473026139494,12.802447792123,14.1058594815397,16.3167954545005,-31.7988618774835,-30.5787635395432,-29.1529434462095,2,16.25571418,"Online NN-DPD adaptation",40,332,4,QPSK
S2,OFDM-QAM,4QAM,40,2.92256071356476,No_DPD,-5.75676127492817,-0.765069574649785,-0.279357436149777,51.5420794740221,91.5685888241256,96.834949007053,-23.5833910985793,-13.2152571043091,-13.2862055967207,0,3.033355434,"Rupture brutale de puissance ou changement d IBO",40,332,4,QPSK
S2,OFDM-QAM,4QAM,40,2.92256071356476,MP_DPD,-20.4533639642119,-12.7976387399715,-15.2121337103925,9.49143333631214,22.9149051004264,17.3537491134337,-35.9009575904813,-31.6054477945393,-31.1251647690432,0,3.065059872,"Static MP-DPD baseline",40,332,4,QPSK
S2,OFDM-QAM,4QAM,40,2.92256071356476,GMP_DPD,-19.9700357672442,-12.7644477104796,-15.4193057330109,10.0345571705302,23.0026363912232,16.944732350275,-35.835737566429,-31.7516928057727,-31.5181152391069,0,3.075366155,"Static GMP-DPD baseline",40,332,4,QPSK
S2,OFDM-QAM,4QAM,40,2.92256071356476,NN_DPD_Static,-18.3605370609707,-12.4540261158204,-15.2015630699615,12.0773915655984,23.8395851801856,17.3748813079948,-31.9894296138404,-29.2908718408699,-29.0765928435981,0,13.966293028,"Offline NN-DPD with fixed weights",40,332,4,QPSK
S2,OFDM-QAM,4QAM,40,2.92256071356476,NN_DPD_Adaptive,-18.2618046673209,-12.6057198616866,-15.0023901598846,12.2154583321488,23.4268559393982,17.7779013518773,-31.8850378094368,-29.1696078681704,-28.7962582972428,6,18.96202773,"Online NN-DPD adaptation",40,332,4,QPSK
S3,OFDM-QAM,4QAM,40,2.92256071356476,No_DPD,-5.59463326520372,-4.73468069103181,-4.83244114248494,52.5131822274679,57.978365191819,57.329472118967,-24.0173497251613,-20.9097489351453,-21.6907924318267,0,2.925319187,"Variation des effets mémoire du PA",40,332,4,QPSK
S3,OFDM-QAM,4QAM,40,2.92256071356476,MP_DPD,-16.419774443396,-16.160642784461,-16.3987349636364,15.1011936868196,15.5585048928054,15.1378170362688,-36.5695089956823,-33.7307491540558,-35.175006210436,0,2.959991141,"Static MP-DPD baseline",40,332,4,QPSK
S3,OFDM-QAM,4QAM,40,2.92256071356476,GMP_DPD,-16.1736807133476,-16.0259721351417,-16.1714626676943,15.5351683641641,15.8016119824158,15.5391359615051,-36.5244955497847,-33.6461922044795,-35.1005330524769,0,2.971122373,"Static GMP-DPD baseline",40,332,4,QPSK
S3,OFDM-QAM,4QAM,40,2.92256071356476,NN_DPD_Static,-15.4852158587775,-15.1728502953365,-15.4773717801154,16.8166392209773,17.4324121484656,16.8318329003377,-32.6503859111672,-30.5673876256806,-31.982994222379,0,13.865072967,"Offline NN-DPD with fixed weights",40,332,4,QPSK
S3,OFDM-QAM,4QAM,40,2.92256071356476,NN_DPD_Adaptive,-15.4338245456697,-15.1972208595992,-15.5160577771779,16.9164322100085,17.3835694509605,16.7570324680813,-32.491169692675,-30.4336475400314,-31.6878384240619,3,16.124791635,"Online NN-DPD adaptation",40,332,4,QPSK
S4,OFDM-QAM,4QAM,40,2.92256071356476,No_DPD,-5.27460721204905,-2.50524027406205,-1.070097364147,54.4840821897124,74.9441927968101,88.4087259002706,-21.6304385909618,-16.1297182955317,-13.7712810160238,0,3.175015434,"Vieillissement lent du PA",40,332,4,QPSK
S4,OFDM-QAM,4QAM,40,2.92256071356476,MP_DPD,-20.0728967106113,-19.1972267751334,-17.5044471850737,9.91642575123139,10.9682833484018,13.3283884247766,-35.5873066015861,-33.5499145812798,-32.2689184685011,0,3.208659933,"Static MP-DPD baseline",40,332,4,QPSK
S4,OFDM-QAM,4QAM,40,2.92256071356476,GMP_DPD,-19.6509791814829,-18.9303758250988,-17.6269420384476,10.4100074646001,11.3104844954638,13.1417408274972,-35.5367844328796,-33.5321882454772,-32.4600847432259,0,3.219604932,"Static GMP-DPD baseline",40,332,4,QPSK
S4,OFDM-QAM,4QAM,40,2.92256071356476,NN_DPD_Static,-18.1559708743962,-17.6520496401892,-16.8616508534142,12.3652088565525,13.1038079067644,14.3521662797127,-31.8400242878973,-30.6820975848059,-29.762018687773,0,14.225470895,"Offline NN-DPD with fixed weights",40,332,4,QPSK
S4,OFDM-QAM,4QAM,40,2.92256071356476,NN_DPD_Adaptive,-18.063452155869,-17.4944760533369,-16.5676353651236,12.4976222083604,13.343697786695,14.8462999872156,-31.7342755435275,-30.4679493185184,-29.2071116900327,1,15.486088071,"Online NN-DPD adaptation",40,332,4,QPSK
S5,OFDM-QAM,4QAM,40,2.92256071356476,No_DPD,-4.88669207074799,-4.15161000402331,-4.03514867505933,56.9725156620544,62.0039703332999,62.8409245868258,-22.7275183274054,-19.8307493779711,-21.9062419714816,0,3.171642277,"Variation de charge, désadaptation ou effet VSWR",40,332,4,QPSK
S5,OFDM-QAM,4QAM,40,2.92256071356476,MP_DPD,-11.2818813805906,-11.3361987497835,-11.2376753519391,27.2838674492441,27.1137796645985,27.4230801132364,-35.7497855421526,-34.2101185743441,-34.3436966780549,0,3.204015307,"Static MP-DPD baseline",40,332,4,QPSK
S5,OFDM-QAM,4QAM,40,2.92256071356476,GMP_DPD,-11.2219419771048,-11.2782175897676,-11.1867157327117,27.4727985206328,27.2953784714708,27.5844426501125,-35.6838354741768,-34.1071062118527,-34.2635066886585,0,3.216829217,"Static GMP-DPD baseline",40,332,4,QPSK
S5,OFDM-QAM,4QAM,40,2.92256071356476,NN_DPD_Static,-10.9807021900928,-11.0237847412114,-10.9558488789576,28.2465161344247,28.1067585528146,28.3274548524127,-31.9030001781616,-31.0853954474482,-31.2820215570978,0,14.2963726,"Offline NN-DPD with fixed weights",40,332,4,QPSK
S5,OFDM-QAM,4QAM,40,2.92256071356476,NN_DPD_Adaptive,-10.9678524269773,-11.0284181031202,-10.9704212197962,28.2883344936327,28.0917694081522,28.2799696479777,-31.7884169145194,-30.9557353643422,-31.0882558530837,2,16.125605214,"Online NN-DPD adaptation",40,332,4,QPSK
S6,OFDM-QAM,4QAM,40,2.92256071356476,No_DPD,-5.3222868062429,-1.61485310223053,-0.392707692456002,54.1858212112409,83.0342648363426,95.5794694283301,-21.8406659396713,-16.2074429134179,-12.1164599209507,0,3.257991083,"Dérive combinée thermique + puissance + mémoire + charge",40,332,4,QPSK
S6,OFDM-QAM,4QAM,40,2.92256071356476,MP_DPD,-14.0173819052811,-14.0233038293283,-12.5361421466685,19.9127345677779,19.8991629571536,23.615268766474,-35.339161719409,-34.617040396124,-30.2554165264943,0,3.291370335,"Static MP-DPD baseline",40,332,4,QPSK
S6,OFDM-QAM,4QAM,40,2.92256071356476,GMP_DPD,-13.8939772681638,-13.9481841346127,-12.6531968578319,20.1976636935795,20.0720066998181,23.2991542775014,-35.3015894706486,-34.6280167846682,-30.5863939684762,0,3.302007968,"Static GMP-DPD baseline",40,332,4,QPSK
S6,OFDM-QAM,4QAM,40,2.92256071356476,NN_DPD_Static,-13.3900524364608,-13.6444435264677,-12.3755725572593,21.4041200512818,20.7863302819723,24.0558868389487,-31.5215001997755,-31.7574852783168,-28.0627629686408,0,14.331998268,"Offline NN-DPD with fixed weights",40,332,4,QPSK
S6,OFDM-QAM,4QAM,40,2.92256071356476,NN_DPD_Adaptive,-13.3635754659836,-13.6329407402358,-12.5314550238796,21.4694652156618,20.8138760044093,23.628015593719,-31.3858999261153,-31.5390792063702,-27.8440267913693,6,18.999809241,"Online NN-DPD adaptation",40,332,4,QPSK
S7,OFDM-QAM (repli apres echec 5G NR),4QAM,40,2.92256071356476,No_DPD,-5.16912230875851,-1.98995117821032,-0.451298611672605,55.1497927294862,79.5247735462233,94.9369050139114,-20.0581437416926,-14.0707324141943,-12.6521408958976,0,4.393153069,"Stress test 5G NR avec variation de bande, modulation et numérologie",40,332,4,QPSK
S7,OFDM-QAM (repli apres echec 5G NR),4QAM,40,2.92256071356476,MP_DPD,-14.0231427998656,-13.9970004979012,-12.684049687149,19.8995318751754,19.9595145876825,23.2165410186187,-34.3119273752578,-32.6185539608704,-30.1720313867428,0,4.427250521,"Static MP-DPD baseline",40,332,4,QPSK
S7,OFDM-QAM (repli apres echec 5G NR),4QAM,40,2.92256071356476,GMP_DPD,-13.916971324644,-13.9433837890884,-12.7664297080884,20.1442653606451,20.0831027649952,22.9973881125795,-34.2580146961503,-32.7443511721971,-30.8102684982337,0,4.440925972,"Static GMP-DPD baseline",40,332,4,QPSK
S7,OFDM-QAM (repli apres echec 5G NR),4QAM,40,2.92256071356476,NN_DPD_Static,-13.6422104767747,-13.8021635050005,-12.6614368965833,20.7916749130401,20.4122944636424,23.277061561003,-32.0605388423842,-31.2023188637599,-29.7133208516207,0,17.840139471,"Offline NN-DPD with fixed weights",40,332,4,QPSK
S7,OFDM-QAM (repli apres echec 5G NR),4QAM,40,2.92256071356476,NN_DPD_Adaptive,-13.6093233424366,-13.5887327740497,-11.8589112326192,20.8705470557308,20.9200809789883,25.5302130121356,-31.8073272044207,-30.3946217944065,-25.8964440013551,8,25.033247429,"Online NN-DPD adaptation",40,332,4,QPSK
S8,OFDM-QAM,4QAM,40,2.92256071356476,No_DPD,-5.3222868062429,-1.61485310223053,-0.392707692456002,54.1858212112409,83.0342648363426,95.5794694283301,-21.8406659396713,-16.2074429134179,-12.1164599209507,0,3.255444685,"Optimisation de la politique d adaptation par RL ou heuristique",40,332,4,QPSK
S8,OFDM-QAM,4QAM,40,2.92256071356476,MP_DPD,-14.0173819052811,-14.0233038293283,-12.5361421466685,19.9127345677779,19.8991629571536,23.615268766474,-35.339161719409,-34.617040396124,-30.2554165264943,0,3.289825862,"Static MP-DPD baseline",40,332,4,QPSK
S8,OFDM-QAM,4QAM,40,2.92256071356476,GMP_DPD,-13.8939772681638,-13.9481841346127,-12.6531968578319,20.1976636935795,20.0720066998181,23.2991542775014,-35.3015894706486,-34.6280167846682,-30.5863939684762,0,3.300795006,"Static GMP-DPD baseline",40,332,4,QPSK
S8,OFDM-QAM,4QAM,40,2.92256071356476,NN_DPD_Static,-13.3900524364608,-13.6444435264677,-12.3755725572593,21.4041200512818,20.7863302819723,24.0558868389487,-31.5215001997755,-31.7574852783168,-28.0627629686408,0,14.627178009,"Offline NN-DPD with fixed weights",40,332,4,QPSK
S8,OFDM-QAM,4QAM,40,2.92256071356476,RL_Adaptive_Policy,-13.3635754659836,-13.5795645783299,-12.1479168182421,21.4694652156618,20.9421743586283,24.694723001806,-31.3858999261153,-31.5130092264534,-27.3744502662975,0,15.923110204,"Online NN-DPD adaptation",40,332,4,QPSK
S0,OFDM-QAM,16QAM,40,2.92256071356476,No_DPD,-5.15682342826889,-5.19193696312325,-5.42116772896879,55.2279379943147,55.0051244788801,53.5724629977975,-20.0586237882857,-20.8299655971093,-22.2283184593158,0,2.822119921,"Calibration nominale et référence de performance",40,332,16,16QAM
S0,OFDM-QAM,16QAM,40,2.92256071356476,MP_DPD,-20.8586934037564,-20.4495778438694,-20.4917263979359,9.05868858193393,9.49557148951647,9.44960554446594,-35.1898436732039,-35.1236976890663,-33.8277344689174,0,2.856552169,"Static MP-DPD baseline",40,332,16,16QAM
S0,OFDM-QAM,16QAM,40,2.92256071356476,GMP_DPD,-20.8492457535102,-20.4501034403606,-20.4955997105685,9.0685470865188,9.4949969153201,9.44539260619094,-35.1093248459791,-34.9825062457356,-33.7678996704146,0,2.867156915,"Static GMP-DPD baseline",40,332,16,16QAM
S0,OFDM-QAM,16QAM,40,2.92256071356476,NN_DPD_Static,-18.6149716826805,-18.4726824730458,-18.5671183022516,11.7287415343514,11.9224600632145,11.7935372983617,-31.9481392294504,-31.7383667114636,-31.6065225737958,0,13.742660539,"Offline NN-DPD with fixed weights",40,332,16,16QAM
S0,OFDM-QAM,16QAM,40,2.92256071356476,NN_DPD_Adaptive,-18.4571486964485,-18.3932329673429,-18.3391047390008,11.9438011743104,12.0320146387669,12.1072291721638,-31.8731030198838,-31.6488521089292,-31.216581635266,0,14.553270874,"Online NN-DPD adaptation",40,332,16,16QAM
S1,OFDM-QAM,16QAM,40,2.92256071356476,No_DPD,-4.35387426264459,-2.7260929942299,-1.13745956071018,60.5767942937349,73.0626382507717,87.7257362877937,-18.1017869801362,-15.4945412238793,-13.4062354728918,0,3.251491925,"Dérive thermique graduelle du PA",40,332,16,16QAM
S1,OFDM-QAM,16QAM,40,2.92256071356476,MP_DPD,-19.9745564394218,-18.0912012445834,-16.0008297788107,10.0293359275122,12.4577593654582,15.8474179196816,-34.8781802970979,-33.1656633956241,-26.2331808796041,0,3.287157021,"Static MP-DPD baseline",40,332,16,16QAM
S1,OFDM-QAM,16QAM,40,2.92256071356476,GMP_DPD,-19.9989785875059,-18.1592105210128,-16.1106806161309,10.0011760137363,12.3605977644151,15.6482569651328,-34.8150718868356,-33.1048593293075,-26.2217303179549,0,3.298073082,"Static GMP-DPD baseline",40,332,16,16QAM
S1,OFDM-QAM,16QAM,40,2.92256071356476,NN_DPD_Static,-18.1691665444996,-17.2528327842094,-16.0257784677569,12.3464377986733,13.7201342460325,15.8019643114359,-31.8211077633907,-30.9335593816873,-28.3082114188342,0,14.265718571,"Offline NN-DPD with fixed weights",40,332,16,16QAM
S1,OFDM-QAM,16QAM,40,2.92256071356476,NN_DPD_Adaptive,-17.9309437394172,-17.2028297894633,-15.6827985014683,12.6897426034339,13.7993462032048,16.4384200943416,-31.7389817122646,-30.830581934237,-28.4096170580407,4,17.793198562,"Online NN-DPD adaptation",40,332,16,16QAM
S2,OFDM-QAM,16QAM,40,2.92256071356476,No_DPD,-5.15682342826889,-1.10186474651422,-0.47232785923715,55.2279379943147,88.0859743680125,94.7073330385972,-20.0586237882857,-12.604455741869,-12.6255811244048,0,3.006083503,"Rupture brutale de puissance ou changement d IBO",40,332,16,16QAM
S2,OFDM-QAM,16QAM,40,2.92256071356476,MP_DPD,-20.8586934037564,-12.7826229164009,-14.703023478936,9.05868858193393,22.954553746592,18.4013135703752,-35.1898436732039,-30.8219769594422,-24.3231497918087,0,3.039953385,"Static MP-DPD baseline",40,332,16,16QAM
S2,OFDM-QAM,16QAM,40,2.92256071356476,GMP_DPD,-20.8492457535102,-12.8345960496485,-14.8243770638916,9.0685470865188,22.8176123457323,18.1460100388903,-35.1093248459791,-31.0640305263812,-24.3146972663253,0,3.050910902,"Static GMP-DPD baseline",40,332,16,16QAM
S2,OFDM-QAM,16QAM,40,2.92256071356476,NN_DPD_Static,-18.6149716826805,-12.4787054819407,-15.0693573310084,11.7287415343514,23.7719454992982,17.641362880951,-31.9481392294504,-29.075862515179,-26.9856392726955,0,14.050400908,"Offline NN-DPD with fixed weights",40,332,16,16QAM
S2,OFDM-QAM,16QAM,40,2.92256071356476,NN_DPD_Adaptive,-18.4571486964485,-12.5573535359768,-14.6158549461663,11.9438011743104,23.5576694242529,18.5869124246113,-31.8731030198838,-29.0877842397805,-27.3284615752879,6,19.07692203,"Online NN-DPD adaptation",40,332,16,16QAM
S3,OFDM-QAM,16QAM,40,2.92256071356476,No_DPD,-5.04408510199117,-5.0420413922635,-5.27097508850502,55.9494401138507,55.9626060499761,54.506870218058,-20.5034033355492,-20.2480216425989,-22.6757748225511,0,2.933368037,"Variation des effets mémoire du PA",40,332,16,16QAM
S3,OFDM-QAM,16QAM,40,2.92256071356476,MP_DPD,-16.5955941000045,-16.1787311718153,-16.4800463458232,14.7985885323392,15.5261379804173,14.9967683356524,-35.8239503302969,-34.3958880454969,-34.4032771409618,0,2.966892985,"Static MP-DPD baseline",40,332,16,16QAM
S3,OFDM-QAM,16QAM,40,2.92256071356476,GMP_DPD,-16.5694711220373,-16.2064621905592,-16.4651271505785,14.8431625632897,15.4766474774182,15.0225494572081,-35.756947139086,-34.2453441564805,-34.3561051437906,0,2.977626851,"Static GMP-DPD baseline",40,332,16,16QAM
S3,OFDM-QAM,16QAM,40,2.92256071356476,NN_DPD_Static,-15.6627703438456,-15.3110791685345,-15.6509594586379,16.4763679787282,17.1571852936984,16.4987874274794,-32.5764421311904,-30.9920991635961,-32.1835787686858,0,13.850249168,"Offline NN-DPD with fixed weights",40,332,16,16QAM
S3,OFDM-QAM,16QAM,40,2.92256071356476,NN_DPD_Adaptive,-15.5734610594636,-15.3163196556112,-15.5231482790663,16.6466537773635,17.1468369133312,16.7433588787993,-32.4540787112375,-30.9075082936841,-31.7378623599607,3,16.116497724,"Online NN-DPD adaptation",40,332,16,16QAM
S4,OFDM-QAM,16QAM,40,2.92256071356476,No_DPD,-4.46395161231303,-3.02593204164548,-1.54013434709268,59.8139411909958,70.5835338290167,83.7516327926611,-18.1997811751257,-15.7460260141705,-13.679327387919,0,3.184684841,"Vieillissement lent du PA",40,332,16,16QAM
S4,OFDM-QAM,16QAM,40,2.92256071356476,MP_DPD,-20.4194827325868,-18.9638552233682,-17.2286633572571,9.5285290721326,11.266972617334,13.7583651690303,-34.8352665194162,-33.2458985756098,-26.9106922951561,0,3.219674719,"Static MP-DPD baseline",40,332,16,16QAM
S4,OFDM-QAM,16QAM,40,2.92256071356476,GMP_DPD,-20.4312511467898,-19.0105437431208,-17.320404440134,9.51562771715935,11.2065726996613,13.6138129114121,-34.770502217662,-33.1726423994411,-26.8958994614348,0,3.231765123,"Static GMP-DPD baseline",40,332,16,16QAM
S4,OFDM-QAM,16QAM,40,2.92256071356476,NN_DPD_Static,-18.3961525946796,-17.7708742906073,-16.9005885052683,12.0279709429629,12.9257658811888,14.2879714826247,-31.7589198728344,-30.8529528417226,-28.6103800311093,0,14.363106936,"Offline NN-DPD with fixed weights",40,332,16,16QAM
S4,OFDM-QAM,16QAM,40,2.92256071356476,NN_DPD_Adaptive,-18.1588373389582,-17.6764336496717,-16.3789732762805,12.3611288386694,13.067073005918,15.1722970241785,-31.6789448925322,-30.750550835754,-27.7639449978062,1,15.957949473,"Online NN-DPD adaptation",40,332,16,16QAM
S5,OFDM-QAM,16QAM,40,2.92256071356476,No_DPD,-4.3884247957594,-4.26237254807879,-4.28016480001859,60.336311916811,61.2183151245802,61.0930433427195,-20.2297946832146,-18.9914486646351,-22.4080666114166,0,3.263140832,"Variation de charge, désadaptation ou effet VSWR",40,332,16,16QAM
S5,OFDM-QAM,16QAM,40,2.92256071356476,MP_DPD,-11.3130069135251,-11.3458059184709,-11.2578354966406,27.1862717872486,27.0838066093102,27.3595043380498,-34.9695483727229,-34.9746233433328,-34.4857014180599,0,3.295961403,"Static MP-DPD baseline",40,332,16,16QAM
S5,OFDM-QAM,16QAM,40,2.92256071356476,GMP_DPD,-11.3138860378308,-11.3498126473896,-11.260685524932,27.1835203243764,27.0713159548772,27.3505285654635,-34.8983812580718,-34.8730458036433,-34.4348832875307,0,3.307399664,"Static GMP-DPD baseline",40,332,16,16QAM
S5,OFDM-QAM,16QAM,40,2.92256071356476,NN_DPD_Static,-11.0035036110447,-11.0624018758113,-10.962926077934,28.1724631466989,27.9820743504939,28.3043832511614,-31.8111171432414,-31.5249391748597,-31.5556207701701,0,14.301469714,"Offline NN-DPD with fixed weights",40,332,16,16QAM
S5,OFDM-QAM,16QAM,40,2.92256071356476,NN_DPD_Adaptive,-10.9422720996831,-11.0484269470622,-10.9347449472618,28.3717676807305,28.0271315942614,28.3963651819532,-31.7247486373965,-31.457380485647,-31.2284184531136,3,16.680205339,"Online NN-DPD adaptation",40,332,16,16QAM
S6,OFDM-QAM,16QAM,40,2.92256071356476,No_DPD,-4.68123858702101,-2.60685148944823,-0.635831559524049,58.3361912333451,74.072572125427,92.9412313516752,-18.3922867195274,-16.6759871710464,-11.7661722642812,0,3.250247844,"Dérive combinée thermique + puissance + mémoire + charge",40,332,16,16QAM
S6,OFDM-QAM,16QAM,40,2.92256071356476,MP_DPD,-14.0831602787128,-14.0648092686146,-12.2590877452461,19.7625046926458,19.8043018272037,24.3806686828305,-34.5412730869194,-34.2943048231629,-23.3765169132118,0,3.282881181,"Static MP-DPD baseline",40,332,16,16QAM
S6,OFDM-QAM,16QAM,40,2.92256071356476,GMP_DPD,-14.060007686423,-14.1002473465252,-12.300904198252,19.815252722889,19.7236656858523,24.2635749891816,-34.4843500078242,-34.2262803150083,-23.3620514181233,0,3.29461089,"Static GMP-DPD baseline",40,332,16,16QAM
S6,OFDM-QAM,16QAM,40,2.92256071356476,NN_DPD_Static,-13.4344787293037,-13.7560096304536,-12.3476292040466,21.2949224842307,20.5210471618518,24.1334015900202,-31.4344896869644,-31.8142766842374,-26.0509741969287,0,14.245774298,"Offline NN-DPD with fixed weights",40,332,16,16QAM
S6,OFDM-QAM,16QAM,40,2.92256071356476,NN_DPD_Adaptive,-13.3681107781189,-13.7039695986305,-12.3690710544259,21.4582579227202,20.6443645776858,24.0738997277927,-31.3448596782345,-31.7241914989423,-26.5052698442852,6,18.891873287,"Online NN-DPD adaptation",40,332,16,16QAM
S7,OFDM-QAM (repli apres echec 5G NR),16QAM,40,2.92256071356476,No_DPD,-4.70741600734018,-2.20079265125556,-0.931559898114681,58.1606430502739,77.6176281607399,89.8301252244979,-18.9952393348932,-13.8351086369988,-13.0328932744831,0,4.399993914,"Stress test 5G NR avec variation de bande, modulation et numérologie",40,332,16,16QAM
S7,OFDM-QAM (repli apres echec 5G NR),16QAM,40,2.92256071356476,MP_DPD,-14.093612830935,-14.0792210090836,-12.547618231591,19.7387369061534,19.7714695188037,23.5840880946371,-34.1773007586895,-33.1131141665001,-30.9421318214868,0,4.434756523,"Static MP-DPD baseline",40,332,16,16QAM
S7,OFDM-QAM (repli apres echec 5G NR),16QAM,40,2.92256071356476,GMP_DPD,-14.0639694654668,-14.1194840224018,-12.586990732251,19.8062167167268,19.6800319372512,23.4774250835271,-34.1032449237519,-33.1888164927902,-31.1275315275118,0,4.448298756,"Static GMP-DPD baseline",40,332,16,16QAM
S7,OFDM-QAM (repli apres echec 5G NR),16QAM,40,2.92256071356476,NN_DPD_Static,-13.684034756498,-13.8106973626885,-12.5145566539695,20.6917995313005,20.3922493009699,23.674028565383,-32.0058699834024,-31.5468023800459,-29.8621336052102,0,17.631988251,"Offline NN-DPD with fixed weights",40,332,16,16QAM
S7,OFDM-QAM (repli apres echec 5G NR),16QAM,40,2.92256071356476,NN_DPD_Adaptive,-13.6219555892003,-13.4713217196235,-12.5831138875129,20.8402162212681,21.2047869827423,23.4879062951471,-31.4953574556567,-29.7248510279864,-30.9873265713983,8,24.734592702,"Online NN-DPD adaptation",40,332,16,16QAM
S8,OFDM-QAM,16QAM,40,2.92256071356476,No_DPD,-4.68123858702101,-2.60685148944823,-0.635831559524049,58.3361912333451,74.072572125427,92.9412313516752,-18.3922867195274,-16.6759871710464,-11.7661722642812,0,3.254504849,"Optimisation de la politique d adaptation par RL ou heuristique",40,332,16,16QAM
S8,OFDM-QAM,16QAM,40,2.92256071356476,MP_DPD,-14.0831602787128,-14.0648092686146,-12.2590877452461,19.7625046926458,19.8043018272037,24.3806686828305,-34.5412730869194,-34.2943048231629,-23.3765169132118,0,3.287923905,"Static MP-DPD baseline",40,332,16,16QAM
S8,OFDM-QAM,16QAM,40,2.92256071356476,GMP_DPD,-14.060007686423,-14.1002473465252,-12.300904198252,19.815252722889,19.7236656858523,24.2635749891816,-34.4843500078242,-34.2262803150083,-23.3620514181233,0,3.301581112,"Static GMP-DPD baseline",40,332,16,16QAM
S8,OFDM-QAM,16QAM,40,2.92256071356476,NN_DPD_Static,-13.4344787293037,-13.7560096304536,-12.3476292040466,21.2949224842307,20.5210471618518,24.1334015900202,-31.4344896869644,-31.8142766842374,-26.0509741969287,0,14.270683242,"Offline NN-DPD with fixed weights",40,332,16,16QAM
S8,OFDM-QAM,16QAM,40,2.92256071356476,RL_Adaptive_Policy,-13.3681107781189,-13.6759705709202,-11.9884385403176,21.4582579227202,20.7110192084832,25.1523213485515,-31.3448596782345,-31.6847857557755,-25.2991434904253,0,15.372088863,"Online NN-DPD adaptation",40,332,16,16QAM
S0,OFDM-QAM,64QAM,40,2.92256071356476,No_DPD,-5.22849583772238,-5.05045961840176,-5.00348291782317,54.7740946737116,55.9083942568023,56.2115879545143,-22.8415895907189,-20.1351941827526,-20.266130644052,0,2.846531588,"Calibration nominale et référence de performance",40,332,64,64QAM
S0,OFDM-QAM,64QAM,40,2.92256071356476,MP_DPD,-21.1980040542382,-20.7818600161387,-21.0239275521868,8.71163753198804,9.13917512141859,8.88799133205476,-36.5060450111379,-35.4520426592718,-34.362160820749,0,2.880686106,"Static MP-DPD baseline",40,332,64,64QAM
S0,OFDM-QAM,64QAM,40,2.92256071356476,GMP_DPD,-21.4070254629158,-20.9499232873986,-21.2934946937444,8.5044988519214,8.96404102834667,8.61638835906279,-36.3098496439357,-35.2439297363494,-34.270213812025,0,2.8920253,"Static GMP-DPD baseline",40,332,64,64QAM
S0,OFDM-QAM,64QAM,40,2.92256071356476,NN_DPD_Static,-18.7783348246989,-18.6569083258256,-18.8658645014568,11.5102103048625,11.6722500770004,11.3948017847355,-32.4710189473642,-31.7180250364012,-31.4947002574187,0,13.762837238,"Offline NN-DPD with fixed weights",40,332,64,64QAM
S0,OFDM-QAM,64QAM,40,2.92256071356476,NN_DPD_Adaptive,-18.6954060267571,-18.5690375141924,-18.6537985273461,11.6206306732115,11.7909317164206,11.6764298266582,-32.4217621137917,-31.6397048982678,-30.8717008613196,0,14.569948818,"Online NN-DPD adaptation",40,332,64,64QAM
S1,OFDM-QAM,64QAM,40,2.92256071356476,No_DPD,-4.47677188018432,-2.47215624563241,-0.800491170585724,59.7257216599732,75.2301950324251,91.1959268330763,-20.8867198210186,-15.0653093456123,-13.2326015777798,0,3.235836055,"Dérive thermique graduelle du PA",40,332,64,64QAM
S1,OFDM-QAM,64QAM,40,2.92256071356476,MP_DPD,-20.3723445537476,-18.4192316529131,-17.2008231168355,9.58038081319549,11.9960541462424,13.8025345892379,-36.1475971161144,-33.3971042262381,-31.70836229902,0,3.268683483,"Static MP-DPD baseline",40,332,64,64QAM
S1,OFDM-QAM,64QAM,40,2.92256071356476,GMP_DPD,-20.5830926062872,-18.5265211915449,-17.4586463261764,9.35072682749629,11.8487883090672,13.3988548890285,-35.9743799923209,-33.0957584517708,-31.8519450497689,0,3.279738027,"Static GMP-DPD baseline",40,332,64,64QAM
S1,OFDM-QAM,64QAM,40,2.92256071356476,NN_DPD_Static,-18.373787954639,-17.4353339237639,-16.5413731835986,12.0589807605727,13.434864907845,14.8912563786143,-32.3427242367521,-30.8531922056686,-29.8267184260383,0,14.220789951,"Offline NN-DPD with fixed weights",40,332,64,64QAM
S1,OFDM-QAM,64QAM,40,2.92256071356476,NN_DPD_Adaptive,-18.3029638358818,-17.375391498396,-16.1878834277669,12.1577107932644,13.5279012721329,15.50978682279,-32.2949081300712,-30.792782278572,-28.51523217207,3,16.553717262,"Online NN-DPD adaptation",40,332,64,64QAM
S2,OFDM-QAM,64QAM,40,2.92256071356476,No_DPD,-5.22849583772238,-0.844886094493412,-0.317326274994935,54.7740946737116,90.7309995310654,96.4125758966287,-22.8415895907189,-12.748314583667,-12.8594963282774,0,2.98477339,"Rupture brutale de puissance ou changement d IBO",40,332,64,64QAM
S2,OFDM-QAM,64QAM,40,2.92256071356476,MP_DPD,-21.1980040542382,-12.7863165435549,-16.0024367382627,8.71163753198804,22.9447945230911,15.8444862910863,-36.5060450111379,-30.5330089252523,-30.5674823825603,0,3.018681895,"Static MP-DPD baseline",40,332,64,64QAM
S2,OFDM-QAM,64QAM,40,2.92256071356476,GMP_DPD,-21.4070254629158,-12.8613940303332,-16.2666019295295,8.5044988519214,22.7473232132813,15.3698597126167,-36.3098496439357,-30.587658127939,-30.7659129432895,0,3.034589387,"Static GMP-DPD baseline",40,332,64,64QAM
S2,OFDM-QAM,64QAM,40,2.92256071356476,NN_DPD_Static,-18.7783348246989,-12.4658644937771,-15.6622867250258,11.5102103048625,23.8071153017459,16.4772853865938,-32.4710189473642,-28.7520037697886,-29.0950812794277,0,13.940089078,"Offline NN-DPD with fixed weights",40,332,64,64QAM
S2,OFDM-QAM,64QAM,40,2.92256071356476,NN_DPD_Adaptive,-18.6954060267571,-12.6302653189842,-15.1899861812396,11.6206306732115,23.3607474344394,17.3980546596843,-32.4217621137917,-28.9584476161462,-28.3706792660881,6,20.743502374,"Online NN-DPD adaptation",40,332,64,64QAM
S3,OFDM-QAM,64QAM,40,2.92256071356476,No_DPD,-5.11449544420966,-4.91716145386702,-4.85730864055349,55.497731030699,56.7730109125289,57.1655739168251,-23.2925935635113,-19.5856868648294,-20.855624144189,0,2.939823873,"Variation des effets mémoire du PA",40,332,64,64QAM
S3,OFDM-QAM,64QAM,40,2.92256071356476,MP_DPD,-16.7033102411675,-16.361435309328,-16.6490696947222,14.6162003672069,15.2029628595289,14.7077593494484,-37.2265354632109,-34.7357226512124,-35.0682213471614,0,2.975491337,"Static MP-DPD baseline",40,332,64,64QAM
S3,OFDM-QAM,64QAM,40,2.92256071356476,GMP_DPD,-16.7507581532233,-16.4292177244828,-16.735078374196,14.5365749668062,15.0847846221266,14.5628401102364,-37.0376229069544,-34.5221831035086,-34.9835188228077,0,2.986392132,"Static GMP-DPD baseline",40,332,64,64QAM
S3,OFDM-QAM,64QAM,40,2.92256071356476,NN_DPD_Static,-15.7420888446447,-15.41809318703,-15.7546889898189,16.3265926714233,16.9470979918104,16.3029257464413,-33.1588102573556,-30.9571666647173,-32.1763391630402,0,14.067189903,"Offline NN-DPD with fixed weights",40,332,64,64QAM
S3,OFDM-QAM,64QAM,40,2.92256071356476,NN_DPD_Adaptive,-15.7090471471335,-15.4223783820557,-15.6221050509836,16.3888183879399,16.9387391809112,16.55368731355,-33.0833225363441,-30.9073852477151,-31.3962263857756,3,16.36055535,"Online NN-DPD adaptation",40,332,64,64QAM
S4,OFDM-QAM,64QAM,40,2.92256071356476,No_DPD,-4.58349057551711,-2.76915649012281,-1.11871511702927,58.9963945274891,72.7012997954643,87.9152558156726,-20.9905702845787,-15.2693324478959,-13.2787144499175,0,3.169749469,"Vieillissement lent du PA",40,332,64,64QAM
S4,OFDM-QAM,64QAM,40,2.92256071356476,MP_DPD,-20.8191380065756,-19.3437668468062,-18.5931510046888,9.10003577507272,10.784789122488,11.7582435018693,-36.1124784874476,-33.4734170862521,-31.870991413445,0,3.201646092,"Static MP-DPD baseline",40,332,64,64QAM
S4,OFDM-QAM,64QAM,40,2.92256071356476,GMP_DPD,-21.0144513155936,-19.4034135754095,-18.8167576022444,8.89769335144127,10.7109827832465,11.4594063533515,-35.9369080354604,-33.1830016216142,-31.9902777925973,0,3.214293902,"Static GMP-DPD baseline",40,332,64,64QAM
S4,OFDM-QAM,64QAM,40,2.92256071356476,NN_DPD_Static,-18.5824839574646,-17.9272353514102,-17.3905295697531,11.7726925442211,12.6951615689449,13.5043449074381,-32.2824800451888,-30.7785570903605,-29.8379913346899,0,14.139469392,"Offline NN-DPD with fixed weights",40,332,64,64QAM
S4,OFDM-QAM,64QAM,40,2.92256071356476,NN_DPD_Adaptive,-18.5086791100032,-17.8617550197529,-17.0198325453531,11.8731524600258,12.7912282601319,14.0931596826202,-32.2352120136368,-30.7184511641017,-28.6221521082998,2,15.947411581,"Online NN-DPD adaptation",40,332,64,64QAM
S5,OFDM-QAM,64QAM,40,2.92256071356476,No_DPD,-4.22652755095499,-3.89350488137936,-4.2316152069293,61.4714733534403,63.874094418354,61.435477716144,-21.2963206985647,-17.8483483441864,-21.1669922398582,0,3.21728291,"Variation de charge, désadaptation ou effet VSWR",40,332,64,64QAM
S5,OFDM-QAM,64QAM,40,2.92256071356476,MP_DPD,-11.3395800346252,-11.3710402115926,-11.3376570864148,27.103226736388,27.0052367752284,27.1092277187969,-36.190178823918,-34.7615879299789,-34.0571093389378,0,3.248658279,"Static MP-DPD baseline",40,332,64,64QAM
S5,OFDM-QAM,64QAM,40,2.92256071356476,GMP_DPD,-11.3645446318073,-11.3915982296065,-11.3625762392699,27.0254396886943,26.9413955702374,27.0315648761165,-36.0192073129769,-34.6709018832858,-33.9379168237227,0,3.259643372,"Static GMP-DPD baseline",40,332,64,64QAM
S5,OFDM-QAM,64QAM,40,2.92256071356476,NN_DPD_Static,-11.0814111496741,-11.0861310096905,-11.0964772928902,27.9209018854303,27.9057339572813,27.8725135560922,-32.3229922146975,-31.3599151968843,-31.3405474853151,0,14.154973976,"Offline NN-DPD with fixed weights",40,332,64,64QAM
S5,OFDM-QAM,64QAM,40,2.92256071356476,NN_DPD_Adaptive,-11.0693607936973,-11.0613521441333,-11.0604659651319,27.959664789443,27.9854563235712,27.9883116889894,-32.2750539786389,-31.3388281411906,-30.8349987985697,4,17.058931231,"Online NN-DPD adaptation",40,332,64,64QAM
S6,OFDM-QAM,64QAM,40,2.92256071356476,No_DPD,-4.74381784114995,-2.37304885678241,-0.439258324529153,57.9174067285777,76.0934994345326,95.06859678813,-21.2044338557521,-16.693737730716,-11.639059762531,0,3.25989737,"Dérive combinée thermique + puissance + mémoire + charge",40,332,64,64QAM
S6,OFDM-QAM,64QAM,40,2.92256071356476,MP_DPD,-14.1487854969756,-14.1411162095188,-12.9409448416839,19.6137540528216,19.6310798481845,22.539940117847,-35.9913530852854,-34.7724193749757,-29.7059733657003,0,3.293320048,"Static MP-DPD baseline",40,332,64,64QAM
S6,OFDM-QAM,64QAM,40,2.92256071356476,GMP_DPD,-14.1436064303249,-14.2234695860794,-13.0014272748477,19.6254524779911,19.4458316104761,22.3835329969466,-35.8145543994023,-34.5391716126592,-29.8918968257565,0,3.304261231,"Static GMP-DPD baseline",40,332,64,64QAM
S6,OFDM-QAM,64QAM,40,2.92256071356476,NN_DPD_Static,-13.5229344272131,-13.8357718448262,-12.549021418767,21.0791589465561,20.3334657136201,23.5802784426093,-32.0287032692428,-31.8477550782109,-28.0840077194993,0,14.264530434,"Offline NN-DPD with fixed weights",40,332,64,64QAM
S6,OFDM-QAM,64QAM,40,2.92256071356476,NN_DPD_Adaptive,-13.5062862199453,-13.8304625229276,-12.4684236256066,21.1196000239808,20.3458985121922,23.8001020221992,-31.9672727682079,-31.812364992449,-27.0263064541882,6,18.240066918,"Online NN-DPD adaptation",40,332,64,64QAM
S7,OFDM-QAM (repli apres echec 5G NR),64QAM,40,2.92256071356476,No_DPD,-4.70087500292565,-2.61761915471692,-0.318913034650442,58.204458055747,73.9808032307022,96.3949646191162,-18.7718948806577,-15.0901272472263,-13.4217000596364,0,4.410497859,"Stress test 5G NR avec variation de bande, modulation et numérologie",40,332,64,64QAM
S7,OFDM-QAM (repli apres echec 5G NR),64QAM,40,2.92256071356476,MP_DPD,-14.1294947424735,-14.1933951080288,-12.9221837186239,19.6573632398415,19.5132785722916,22.5886779710553,-34.2049774703164,-33.3296723663234,-30.5242090795526,0,4.445254565,"Static MP-DPD baseline",40,332,64,64QAM
S7,OFDM-QAM (repli apres echec 5G NR),64QAM,40,2.92256071356476,GMP_DPD,-14.113441326323,-14.2423794976682,-12.9495047459051,19.693727923767,19.4035424513204,22.5177380525189,-34.1360709566355,-33.353398001931,-30.5796520111501,0,4.458937537,"Static GMP-DPD baseline",40,332,64,64QAM
S7,OFDM-QAM (repli apres echec 5G NR),64QAM,40,2.92256071356476,NN_DPD_Static,-13.7910230818835,-14.0808318989851,-12.7149812660774,20.4384918366592,19.7678030311244,23.1340109439222,-31.8104385892351,-31.6526406642293,-29.2104809945865,0,17.592162345,"Offline NN-DPD with fixed weights",40,332,64,64QAM
S7,OFDM-QAM (repli apres echec 5G NR),64QAM,40,2.92256071356476,NN_DPD_Adaptive,-13.7718797630708,-13.8605144885597,-12.6573048512439,20.4835870495929,20.2756261798768,23.2881375427575,-31.7026178531011,-30.2553118818644,-30.7427190648245,8,25.459939753,"Online NN-DPD adaptation",40,332,64,64QAM
S8,OFDM-QAM,64QAM,40,2.92256071356476,No_DPD,-4.74381784114995,-2.37304885678241,-0.439258324529153,57.9174067285777,76.0934994345326,95.06859678813,-21.2044338557521,-16.693737730716,-11.639059762531,0,3.25766399,"Optimisation de la politique d adaptation par RL ou heuristique",40,332,64,64QAM
S8,OFDM-QAM,64QAM,40,2.92256071356476,MP_DPD,-14.1487854969756,-14.1411162095188,-12.9409448416839,19.6137540528216,19.6310798481845,22.539940117847,-35.9913530852854,-34.7724193749757,-29.7059733657003,0,3.293381979,"Static MP-DPD baseline",40,332,64,64QAM
S8,OFDM-QAM,64QAM,40,2.92256071356476,GMP_DPD,-14.1436064303249,-14.2234695860794,-13.0014272748477,19.6254524779911,19.4458316104761,22.3835329969466,-35.8145543994023,-34.5391716126592,-29.8918968257565,0,3.305029647,"Static GMP-DPD baseline",40,332,64,64QAM
S8,OFDM-QAM,64QAM,40,2.92256071356476,NN_DPD_Static,-13.5229344272131,-13.8357718448262,-12.549021418767,21.0791589465561,20.3334657136201,23.5802784426093,-32.0287032692428,-31.8477550782109,-28.0840077194993,0,14.271439437,"Offline NN-DPD with fixed weights",40,332,64,64QAM
S8,OFDM-QAM,64QAM,40,2.92256071356476,RL_Adaptive_Policy,-13.5062862199453,-13.8034731476696,-12.3024341567678,21.1196000239808,20.4092169669604,24.2593015070738,-31.9672727682079,-31.7696457865656,-26.767007469771,0,15.359595524,"Online NN-DPD adaptation",40,332,64,64QAM
S0,OFDM-QAM,256QAM,40,2.92256071356476,No_DPD,-5.11051282324937,-4.68530541482292,-4.72086555070593,55.5231834732127,58.3088839887236,58.0706547109966,-21.8403361141153,-18.9063436693996,-20.542112360353,0,2.843526834,"Calibration nominale et référence de performance",40,332,256,256QAM
S0,OFDM-QAM,256QAM,40,2.92256071356476,MP_DPD,-20.2729160098127,-20.0233560478332,-19.9293789874797,9.69067881117896,9.97314647647856,10.0816368717296,-36.8711383383799,-34.8406388862689,-35.0761051974459,0,2.877408719,"Static MP-DPD baseline",40,332,256,256QAM
S0,OFDM-QAM,256QAM,40,2.92256071356476,GMP_DPD,-20.5583614146344,-20.2829539472789,-20.1555660047169,9.37738893850019,9.679486147501,9.82249236174874,-36.4386510286243,-34.4889421901159,-34.9600795343919,0,2.889579565,"Static GMP-DPD baseline",40,332,256,256QAM
S0,OFDM-QAM,256QAM,40,2.92256071356476,NN_DPD_Static,-18.4479171101097,-18.2861848290399,-18.3268332383054,11.9565021008496,12.1812192053554,12.1243464600959,-32.3971568228033,-31.4033132890398,-31.5289895208376,0,13.749911004,"Offline NN-DPD with fixed weights",40,332,256,256QAM
S0,OFDM-QAM,256QAM,40,2.92256071356476,NN_DPD_Adaptive,-18.3934395254097,-18.2130055238443,-18.1880056414296,12.0317285103176,12.2842804778581,12.3196882441312,-32.3044450368375,-31.3226044760308,-31.3148590927492,0,14.568010392,"Online NN-DPD adaptation",40,332,256,256QAM
S1,OFDM-QAM,256QAM,40,2.92256071356476,No_DPD,-4.34710366559402,-1.99770664471011,-0.527889577401637,60.6240319371571,79.4537990713231,94.1034446700655,-19.8435931196138,-14.2388369742339,-13.2806639450273,0,3.248744135,"Dérive thermique graduelle du PA",40,332,256,256QAM
S1,OFDM-QAM,256QAM,40,2.92256071356476,MP_DPD,-19.5255169900262,-17.9710685090311,-16.2089603577161,10.5614646679456,12.6312570875835,15.4721968460424,-36.3949263169536,-33.3247542065355,-31.9817014567591,0,3.282806068,"Static MP-DPD baseline",40,332,256,256QAM
S1,OFDM-QAM,256QAM,40,2.92256071356476,GMP_DPD,-19.7973742841157,-18.1571025335669,-16.2314782837788,10.2360237714909,12.3635979345795,15.4321375569917,-36.0207230170123,-33.0515620496191,-31.605939447944,0,3.293555271,"Static GMP-DPD baseline",40,332,256,256QAM
S1,OFDM-QAM,256QAM,40,2.92256071356476,NN_DPD_Static,-18.0305987572412,-17.0719137269483,-16.0753295301675,12.5449825669868,14.0089089830736,15.7120742758188,-32.230838876905,-30.5396170973827,-29.7016157062404,0,14.221246864,"Offline NN-DPD with fixed weights",40,332,256,256QAM
S1,OFDM-QAM,256QAM,40,2.92256071356476,NN_DPD_Adaptive,-17.9832145712508,-17.0371141777257,-16.0955090229526,12.6136062973815,14.0651475058131,15.6756135698966,-32.1397220451139,-30.4565480981472,-29.572156875601,4,17.144486229,"Online NN-DPD adaptation",40,332,256,256QAM
S2,OFDM-QAM,256QAM,40,2.92256071356476,No_DPD,-5.11051282324937,-0.581369212894203,-0.209517500189886,55.5231834732127,93.5258231729903,97.6167006848587,-21.8403361141153,-12.5398467692814,-12.918078366305,0,2.990528448,"Rupture brutale de puissance ou changement d IBO",40,332,256,256QAM
S2,OFDM-QAM,256QAM,40,2.92256071356476,MP_DPD,-20.2729160098127,-12.6129396369913,-14.8971875912169,9.69067881117896,23.4073914551959,17.9945346679761,-36.8711383383799,-30.6641928095366,-30.5647217875891,0,3.025622107,"Static MP-DPD baseline",40,332,256,256QAM
S2,OFDM-QAM,256QAM,40,2.92256071356476,GMP_DPD,-20.5583614146344,-12.7324372207002,-14.8088633711216,9.37738893850019,23.0875654155086,18.1784492232862,-36.4386510286243,-30.9553247764038,-29.9727332619911,0,3.036517825,"Static GMP-DPD baseline",40,332,256,256QAM
S2,OFDM-QAM,256QAM,40,2.92256071356476,NN_DPD_Static,-18.4479171101097,-12.2801759854597,-15.1794564527992,11.9565021008496,24.3215473050566,17.4191587591336,-32.3971568228033,-28.433388713871,-28.9137956584295,0,14.185115876,"Offline NN-DPD with fixed weights",40,332,256,256QAM
S2,OFDM-QAM,256QAM,40,2.92256071356476,NN_DPD_Adaptive,-18.3934395254097,-12.4359344266504,-15.5430349828235,12.0317285103176,23.8892919882365,16.7050681166582,-32.3044450368375,-28.5280381020446,-29.4862761060105,6,19.110119025,"Online NN-DPD adaptation",40,332,256,256QAM
S3,OFDM-QAM,256QAM,40,2.92256071356476,No_DPD,-4.99068088557399,-4.54790841207143,-4.66069618323223,56.2944986492278,59.2385717936347,58.4743214479683,-22.2959793708493,-18.3925072775591,-20.8792033381079,0,2.921883878,"Variation des effets mémoire du PA",40,332,256,256QAM
S3,OFDM-QAM,256QAM,40,2.92256071356476,MP_DPD,-16.328115467948,-16.126639881053,-16.2141937399361,15.2613947739105,15.619531595506,15.4628774170908,-37.5252716990093,-34.0673519001961,-35.7396033702283,0,2.956474215,"Static MP-DPD baseline",40,332,256,256QAM
S3,OFDM-QAM,256QAM,40,2.92256071356476,GMP_DPD,-16.452834690257,-16.2191999377516,-16.3253944275573,15.0438247476872,15.4539678036159,15.2661764806322,-37.1174438854153,-33.7052260518402,-35.6487250442248,0,2.968357526,"Static GMP-DPD baseline",40,332,256,256QAM
S3,OFDM-QAM,256QAM,40,2.92256071356476,NN_DPD_Static,-15.543536517988,-15.2783171437477,-15.4945520466796,16.7041035709921,17.2220221243025,16.7985732586556,-33.0766433630968,-30.6307640236638,-32.2057624314025,0,13.863312861,"Offline NN-DPD with fixed weights",40,332,256,256QAM
S3,OFDM-QAM,256QAM,40,2.92256071356476,NN_DPD_Adaptive,-15.5140300681506,-15.3503115095264,-15.4516765091836,16.7609448309864,17.0798646397455,16.8816998548204,-32.9210211919182,-30.5698909899186,-31.9188008424589,3,16.736612569,"Online NN-DPD adaptation",40,332,256,256QAM
S4,OFDM-QAM,256QAM,40,2.92256071356476,No_DPD,-4.4523336858928,-2.27413504327502,-0.784853673877922,59.8939996478257,76.9649954145049,91.3602577815337,-19.9490735197577,-14.3801653499475,-13.2920042311824,0,3.155626208,"Vieillissement lent du PA",40,332,256,256QAM
S4,OFDM-QAM,256QAM,40,2.92256071356476,MP_DPD,-19.9217122103858,-18.8514327233239,-17.4511376777719,10.0905395619904,11.4137502114327,13.4104427393072,-36.3691799473564,-33.3287677134719,-32.2203016773354,0,3.18961214,"Static MP-DPD baseline",40,332,256,256QAM
S4,OFDM-QAM,256QAM,40,2.92256071356476,GMP_DPD,-20.192418897825,-19.0144030020206,-17.4330894180285,9.78090532427674,11.2015945730008,13.4383370366695,-35.9891329590298,-33.0485229349508,-31.9212489226945,0,3.199686821,"Static GMP-DPD baseline",40,332,256,256QAM
S4,OFDM-QAM,256QAM,40,2.92256071356476,NN_DPD_Static,-18.242176754282,-17.581197392277,-16.9253167475848,12.2430933898097,13.2111349968935,14.2473522741589,-32.174307856769,-30.4654880956161,-29.7326502649265,0,13.973595909,"Offline NN-DPD with fixed weights",40,332,256,256QAM
S4,OFDM-QAM,256QAM,40,2.92256071356476,NN_DPD_Adaptive,-18.1926485163038,-17.5172495241818,-16.821389477276,12.3131047519545,13.308757866931,14.4188467552851,-32.083980764771,-30.3906802851479,-29.4700173467165,1,15.164490843,"Online NN-DPD adaptation",40,332,256,256QAM
S5,OFDM-QAM,256QAM,40,2.92256071356476,No_DPD,-4.24428263622349,-3.59910287216488,-3.62716684609369,61.3459460277933,66.0761691689995,65.8630226191543,-21.0640891130314,-16.7803574340216,-20.6216220204966,0,3.034358246,"Variation de charge, désadaptation ou effet VSWR",40,332,256,256QAM
S5,OFDM-QAM,256QAM,40,2.92256071356476,MP_DPD,-11.2314690350814,-11.2549344007817,-11.1904754333601,27.4426816913187,27.3686439662025,27.5725052655588,-36.6959105692812,-34.4518649384007,-34.5322264434593,0,3.068615785,"Static MP-DPD baseline",40,332,256,256QAM
S5,OFDM-QAM,256QAM,40,2.92256071356476,GMP_DPD,-11.2711210570819,-11.2971427018748,-11.2021087359423,27.3176884137341,27.2359711143089,27.5356012057447,-36.2978459164717,-34.1811434758829,-34.2836561101838,0,3.078528009,"Static GMP-DPD baseline",40,332,256,256QAM
S5,OFDM-QAM,256QAM,40,2.92256071356476,NN_DPD_Static,-11.0047407792997,-11.0134157792125,-10.9997355052702,28.1684507085455,28.1403316176108,28.1846875537837,-32.3209444515469,-31.1164957862868,-31.4334252658355,0,13.423248846,"Offline NN-DPD with fixed weights",40,332,256,256QAM
S5,OFDM-QAM,256QAM,40,2.92256071356476,NN_DPD_Adaptive,-10.9964140616826,-11.0281113310709,-10.9863959637881,28.195467307462,28.0927615830718,28.2280060479087,-32.2301446027172,-31.0568201737043,-31.2536490564146,3,15.664116353,"Online NN-DPD adaptation",40,332,256,256QAM
S6,OFDM-QAM,256QAM,40,2.92256071356476,No_DPD,-4.59928283776667,-1.74988399525318,-0.278851993448455,58.8892276036115,81.7533956478226,96.840584116909,-20.117603696552,-15.4091243101136,-12.1334902914184,0,3.128947601,"Dérive combinée thermique + puissance + mémoire + charge",40,332,256,256QAM
S6,OFDM-QAM,256QAM,40,2.92256071356476,MP_DPD,-13.9628734832476,-13.9086326424978,-12.4832166367057,20.0380901362691,20.1636136703415,23.7596023673472,-36.2002075315765,-34.2728522993611,-29.9117349821217,0,3.166894483,"Static MP-DPD baseline",40,332,256,256QAM
S6,OFDM-QAM,256QAM,40,2.92256071356476,GMP_DPD,-14.0019635870742,-14.022470226604,-12.418356913186,19.9481130434837,19.9010728124663,23.9376853645345,-35.8201988426306,-34.0683748593906,-29.3908950311637,0,3.177384719,"Static GMP-DPD baseline",40,332,256,256QAM
S6,OFDM-QAM,256QAM,40,2.92256071356476,NN_DPD_Static,-13.4174469215821,-13.5755247015671,-12.376603253687,21.3367197975634,20.9519169969859,24.053032457114,-31.9100595052197,-31.4922563001927,-27.8985944535636,0,13.549563368,"Offline NN-DPD with fixed weights",40,332,256,256QAM
S6,OFDM-QAM,256QAM,40,2.92256071356476,NN_DPD_Adaptive,-13.4026899025453,-13.5809951570679,-12.5183857838293,21.3730009406959,20.9387254358851,23.6635942915325,-31.7881853236437,-31.4050934743287,-28.0592358491627,6,17.337428286,"Online NN-DPD adaptation",40,332,256,256QAM
S7,OFDM-QAM (repli apres echec 5G NR),256QAM,40,2.92256071356476,No_DPD,-4.67962900669824,-1.9035596973467,-0.465513084481549,58.3470025019614,80.3196884319295,94.7816676690181,-19.673242304195,-14.4955813751066,-13.4117958476469,0,4.167305847,"Stress test 5G NR avec variation de bande, modulation et numérologie",40,332,256,256QAM
S7,OFDM-QAM (repli apres echec 5G NR),256QAM,40,2.92256071356476,MP_DPD,-13.9975330940604,-13.6551961008691,-12.9217399941556,19.9582907596873,20.7606140587792,22.5898319582187,-34.7703575207325,-29.2114873417521,-31.6908490599508,0,4.199388714,"Static MP-DPD baseline",40,332,256,256QAM
S7,OFDM-QAM (repli apres echec 5G NR),256QAM,40,2.92256071356476,GMP_DPD,-14.0261947213241,-13.6721471470587,-12.9526242460241,19.8925410955784,20.7201379561852,22.5096523552515,-34.4325212358222,-28.4420939782073,-31.8476680377442,0,4.21202706,"Static GMP-DPD baseline",40,332,256,256QAM
S7,OFDM-QAM (repli apres echec 5G NR),256QAM,40,2.92256071356476,NN_DPD_Static,-13.5712274706336,-13.8181328756795,-12.6992087296578,20.9622852499964,20.374800086241,23.1760577044773,-32.13533534572,-31.4385197852771,-30.3358011156378,0,16.659489065,"Offline NN-DPD with fixed weights",40,332,256,256QAM
S7,OFDM-QAM (repli apres echec 5G NR),256QAM,40,2.92256071356476,NN_DPD_Adaptive,-13.5571627944866,-13.8439513540733,-12.8010875105179,20.9962560457682,20.3143266856629,22.9058084429859,-32.0900653959785,-31.1066070973793,-30.7382722603053,8,22.280380888,"Online NN-DPD adaptation",40,332,256,256QAM
S8,OFDM-QAM,256QAM,40,2.92256071356476,No_DPD,-4.59928283776667,-1.74988399525318,-0.278851993448455,58.8892276036115,81.7533956478226,96.840584116909,-20.117603696552,-15.4091243101136,-12.1334902914184,0,3.082031849,"Optimisation de la politique d adaptation par RL ou heuristique",40,332,256,256QAM
S8,OFDM-QAM,256QAM,40,2.92256071356476,MP_DPD,-13.9628734832476,-13.9086326424978,-12.4832166367057,20.0380901362691,20.1636136703415,23.7596023673472,-36.2002075315765,-34.2728522993611,-29.9117349821217,0,3.116594599,"Static MP-DPD baseline",40,332,256,256QAM
S8,OFDM-QAM,256QAM,40,2.92256071356476,GMP_DPD,-14.0019635870742,-14.022470226604,-12.418356913186,19.9481130434837,19.9010728124663,23.9376853645345,-35.8201988426306,-34.0683748593906,-29.3908950311637,0,3.12713194,"Static GMP-DPD baseline",40,332,256,256QAM
S8,OFDM-QAM,256QAM,40,2.92256071356476,NN_DPD_Static,-13.4174469215821,-13.5755247015671,-12.376603253687,21.3367197975634,20.9519169969859,24.053032457114,-31.9100595052197,-31.4922563001927,-27.8985944535636,0,13.534174004,"Offline NN-DPD with fixed weights",40,332,256,256QAM
S8,OFDM-QAM,256QAM,40,2.92256071356476,RL_Adaptive_Policy,-13.4026899025453,-13.5503414674941,-12.3286438612806,21.3730009406959,21.0127516020674,24.1862093073754,-31.7881853236437,-31.3658316555939,-27.6733076517005,0,14.558143564,"Online NN-DPD adaptation",40,332,256,256QAM
S0,OFDM-QAM,4QAM,50,2.92256071356476,No_DPD,-4.63221921599185,-4.40905777290362,-4.93813195531506,58.66634599008,60.1931555631195,56.6361081288786,-22.2293809387545,-21.9502777068811,-23.9187726085948,0,2.711698107,"Calibration nominale et référence de performance",50,416,4,QPSK
S0,OFDM-QAM,4QAM,50,2.92256071356476,MP_DPD,-18.3374523019864,-18.4516953914164,-18.6831098389205,12.1095327170661,11.9513022645255,11.6370930797164,-34.1632975405313,-33.4147748573156,-33.9374541618963,0,2.745320529,"Static MP-DPD baseline",50,416,4,QPSK
S0,OFDM-QAM,4QAM,50,2.92256071356476,GMP_DPD,-18.3808099415152,-18.4781935731864,-18.7134802588688,12.0492357846391,11.9148977945635,11.5964747595043,-33.8135042704602,-33.1383223956195,-33.7662764352868,0,2.75568496,"Static GMP-DPD baseline",50,416,4,QPSK
S0,OFDM-QAM,4QAM,50,2.92256071356476,NN_DPD_Static,-17.5048912009507,-17.4524511562349,-17.6708017596202,13.3277071054113,13.4084149682094,13.0755483820908,-31.2906194415685,-30.8702275002416,-31.0125079136823,0,13.085492298,"Offline NN-DPD with fixed weights",50,416,4,QPSK
S0,OFDM-QAM,4QAM,50,2.92256071356476,NN_DPD_Adaptive,-17.4101960842554,-17.3424093505361,-17.6090299384221,13.4738030784457,13.5793672071177,13.1688697769485,-31.2483588476615,-30.8333445605269,-30.8498287065326,0,13.866405426,"Online NN-DPD adaptation",50,416,4,QPSK
S1,OFDM-QAM,4QAM,50,2.92256071356476,No_DPD,-4.01688401955567,-2.1210951500549,-1.35292050670276,62.9732052735718,78.3330871199215,85.5763924907121,-20.1258232314409,-16.5179326365223,-14.4289667548277,0,3.086961347,"Dérive thermique graduelle du PA",50,416,4,QPSK
S1,OFDM-QAM,4QAM,50,2.92256071356476,MP_DPD,-17.348415507178,-15.738244126533,-13.6808562220328,13.569980533124,16.3338210664073,20.6993729217193,-32.6467452122102,-30.1013762058464,-26.7489436372016,0,3.122573756,"Static MP-DPD baseline",50,416,4,QPSK
S1,OFDM-QAM,4QAM,50,2.92256071356476,GMP_DPD,-17.467905978392,-16.0952218297571,-14.4930726699266,13.3845785589279,15.6761318822593,18.8515197109615,-32.5796520389908,-30.841672558359,-28.6646879702521,0,3.133402343,"Static GMP-DPD baseline",50,416,4,QPSK
S1,OFDM-QAM,4QAM,50,2.92256071356476,NN_DPD_Static,-16.9158109238556,-15.8030858462885,-14.3385828328268,14.2629530888992,16.2123401730516,19.1898181121337,-30.8967459542973,-29.526029512538,-27.6315002387574,0,13.487749906,"Offline NN-DPD with fixed weights",50,416,4,QPSK
S1,OFDM-QAM,4QAM,50,2.92256071356476,NN_DPD_Adaptive,-16.8361941971631,-15.7208432991052,-14.4009597545696,14.3942913928608,16.3665761324905,19.0525018413481,-30.8580736854063,-29.4838945604251,-27.7793757040848,5,16.710576244,"Online NN-DPD adaptation",50,416,4,QPSK
S2,OFDM-QAM,4QAM,50,2.92256071356476,No_DPD,-4.63221921599185,-0.74738735075168,-0.672421185385363,58.66634599008,91.7551886483636,92.5505365217255,-22.2293809387545,-13.6538045629534,-13.4414328350151,0,2.827890553,"Rupture brutale de puissance ou changement d IBO",50,416,4,QPSK
S2,OFDM-QAM,4QAM,50,2.92256071356476,MP_DPD,-18.3374523019864,-11.1636604202344,-12.1845172058703,12.1095327170661,27.6577584250657,24.5908839177396,-34.1632975405313,-25.7876984261331,-24.86354318947,0,2.864548159,"Static MP-DPD baseline",50,416,4,QPSK
S2,OFDM-QAM,4QAM,50,2.92256071356476,GMP_DPD,-18.3808099415152,-11.5284344860379,-13.1958567076481,12.0492357846391,26.5202904225069,21.8880546616744,-33.8135042704602,-27.572873636535,-27.233161425529,0,2.874901141,"Static GMP-DPD baseline",50,416,4,QPSK
S2,OFDM-QAM,4QAM,50,2.92256071356476,NN_DPD_Static,-17.5048912009507,-11.4527853355901,-13.1947436579089,13.3277071054113,26.7522758074864,21.890859677116,-31.2906194415685,-26.887913395446,-26.4738103186256,0,13.257734182,"Offline NN-DPD with fixed weights",50,416,4,QPSK
S2,OFDM-QAM,4QAM,50,2.92256071356476,NN_DPD_Adaptive,-17.4101960842554,-11.5689411819152,-13.5149529703503,13.4738030784457,26.3969008344818,21.0985374705109,-31.2483588476615,-27.0517794140444,-27.6030277437657,6,19.241846358,"Online NN-DPD adaptation",50,416,4,QPSK
S3,OFDM-QAM,4QAM,50,2.92256071356476,No_DPD,-4.49349088756883,-4.30045922416861,-4.77303296946639,59.610869364256,60.9504671793252,57.722927857146,-23.0899085117736,-21.1332405928146,-24.7773416206716,0,2.828806414,"Variation des effets mémoire du PA",50,416,4,QPSK
S3,OFDM-QAM,4QAM,50,2.92256071356476,MP_DPD,-15.0866730862828,-15.2523968844128,-15.2433165461191,17.606228974243,17.2734925008956,17.2915598695335,-35.1855117867903,-32.3639583421126,-35.0272624192918,0,2.860322807,"Static MP-DPD baseline",50,416,4,QPSK
S3,OFDM-QAM,4QAM,50,2.92256071356476,GMP_DPD,-15.0783796397961,-15.3099113585858,-15.2265510486203,17.6230477522423,17.1594922167088,17.3249682571438,-34.8069641820804,-32.1151412284519,-34.8207452390443,0,2.871013741,"Static GMP-DPD baseline",50,416,4,QPSK
S3,OFDM-QAM,4QAM,50,2.92256071356476,NN_DPD_Static,-14.6660482933509,-14.7007574147464,-14.7677950424102,18.4798135581522,18.4061149205313,18.2646034654666,-32.420785987976,-29.7813407437631,-32.1519677867107,0,13.140330897,"Offline NN-DPD with fixed weights",50,416,4,QPSK
S3,OFDM-QAM,4QAM,50,2.92256071356476,NN_DPD_Adaptive,-14.6250603039958,-14.6749421804932,-14.7305086661766,18.5672243381868,18.4609009003627,18.3431774200034,-32.3496860445781,-29.7550585175303,-32.1131358278783,3,15.831349427,"Online NN-DPD adaptation",50,416,4,QPSK
S4,OFDM-QAM,4QAM,50,2.92256071356476,No_DPD,-4.11747006314977,-2.40653189043195,-1.79678661220722,62.2481568813774,75.8007330277169,81.3131282461701,-20.2519047178408,-16.8010842476174,-14.8897739906199,0,3.047859663,"Vieillissement lent du PA",50,416,4,QPSK
S4,OFDM-QAM,4QAM,50,2.92256071356476,MP_DPD,-17.6928480288944,-16.5398612194273,-14.8909938546548,13.0424024930252,14.8938487447131,18.0073707917352,-32.7411784148223,-30.3321709113236,-27.3748895852076,0,3.078533258,"Static MP-DPD baseline",50,416,4,QPSK
S4,OFDM-QAM,4QAM,50,2.92256071356476,GMP_DPD,-17.8255542322624,-16.9327583890924,-15.7662860073029,12.844650401725,14.2351510734174,16.2811733223253,-32.6453096983067,-30.9553608180973,-29.0937558855403,0,3.089010754,"Static GMP-DPD baseline",50,416,4,QPSK
S4,OFDM-QAM,4QAM,50,2.92256071356476,NN_DPD_Static,-17.1580787113553,-16.4031495161631,-15.3554214386812,13.8706260837671,15.1301252842469,17.0698194705861,-30.8837245451349,-29.5568439121558,-27.9392150101915,0,13.451388635,"Offline NN-DPD with fixed weights",50,416,4,QPSK
S4,OFDM-QAM,4QAM,50,2.92256071356476,NN_DPD_Adaptive,-17.0745966444722,-16.3071404466956,-15.3255824512772,14.0045825473333,15.2982931123707,17.1285609514015,-30.8453418881929,-29.515139360143,-27.7873098795308,2,15.173569385,"Online NN-DPD adaptation",50,416,4,QPSK
S5,OFDM-QAM,4QAM,50,2.92256071356476,No_DPD,-3.9587983956205,-3.8490334077165,-3.99244373027882,63.3957406742277,64.2019663438586,63.150648319776,-21.3852890331469,-20.5347704516116,-23.3850461909647,0,3.033259424,"Variation de charge, désadaptation ou effet VSWR",50,416,4,QPSK
S5,OFDM-QAM,4QAM,50,2.92256071356476,MP_DPD,-10.9862244656838,-11.0294481706858,-10.9591784401159,28.2285633998342,28.0884381771555,28.3165981731115,-34.0115602337615,-32.3499374189963,-33.9425026774989,0,3.062840889,"Static MP-DPD baseline",50,416,4,QPSK
S5,OFDM-QAM,4QAM,50,2.92256071356476,GMP_DPD,-10.9893202971434,-11.0705064686001,-10.9796196664888,28.2185039463802,27.9559771333593,28.2500367209437,-33.8227752145034,-32.436143850935,-33.8017051198837,0,3.073634795,"Static GMP-DPD baseline",50,416,4,QPSK
S5,OFDM-QAM,4QAM,50,2.92256071356476,NN_DPD_Static,-10.8242653457021,-10.880041831054,-10.8112273182849,28.7598576887959,28.5757678131469,28.8030603308804,-31.003626597821,-30.4879590285176,-30.9939803605101,0,13.489350734,"Offline NN-DPD with fixed weights",50,416,4,QPSK
S5,OFDM-QAM,4QAM,50,2.92256071356476,NN_DPD_Adaptive,-10.8007522960528,-10.8578927286561,-10.7997549367589,28.837817242725,28.6487292835236,28.841128741902,-30.9659839254543,-30.4806977971377,-30.9116113390003,2,15.318458214,"Online NN-DPD adaptation",50,416,4,QPSK
S6,OFDM-QAM,4QAM,50,2.92256071356476,No_DPD,-4.28170338284371,-1.55323727656184,-0.873399434126585,61.0822225302831,83.6253861472734,90.4336434414173,-20.8565132186088,-16.8347246453922,-12.5590432945159,0,3.115692929,"Dérive combinée thermique + puissance + mémoire + charge",50,416,4,QPSK
S6,OFDM-QAM,4QAM,50,2.92256071356476,MP_DPD,-13.329126121185,-12.5905148421542,-11.0209033979731,21.5547849322902,23.4679015634752,28.1160838673251,-33.3170670275784,-30.1927869646613,-24.2693543695073,0,3.144507086,"Static MP-DPD baseline",50,416,4,QPSK
S6,OFDM-QAM,4QAM,50,2.92256071356476,GMP_DPD,-13.38138871131,-12.789833611141,-11.6478716645693,21.4254802037605,22.9355056579818,26.1581133147104,-33.1104945561223,-31.2048466764389,-26.4382093067478,0,3.154753377,"Static GMP-DPD baseline",50,416,4,QPSK
S6,OFDM-QAM,4QAM,50,2.92256071356476,NN_DPD_Static,-13.0323395303656,-12.7302282216777,-11.4482490629225,22.3040137155621,23.0934378013358,26.7662510382998,-31.2200367256643,-30.0493210877495,-25.5527456219742,0,13.495101984,"Offline NN-DPD with fixed weights",50,416,4,QPSK
S6,OFDM-QAM,4QAM,50,2.92256071356476,NN_DPD_Adaptive,-12.9990871765118,-12.7033759011589,-11.6061357319809,22.3895642415326,23.1649413482416,26.2841062077141,-31.1708193992079,-30.086403948291,-26.0010557492248,7,18.685857208,"Online NN-DPD adaptation",50,416,4,QPSK
S7,5GNR,QPSK,50,2.92256071356476,No_DPD,-4.05717349465356,-1.57251743760442,-0.475266803935288,62.6817806435134,83.4399678572926,94.6752934270057,-18.8226853751728,-14.558709352802,-11.0478245934616,0,8.897613922,"Stress test 5G NR avec variation de bande, modulation et numérologie",50,416,4,QPSK
S7,5GNR,QPSK,50,2.92256071356476,MP_DPD,-13.7444384909733,-13.3433889394861,-11.9180242058435,20.5484030393829,21.5194195615731,25.3570536613199,-34.5445998716999,-31.4593790941336,-25.6369012744623,0,8.937146516,"Static MP-DPD baseline",50,416,4,QPSK
S7,5GNR,QPSK,50,2.92256071356476,GMP_DPD,-13.8390657904534,-13.5698798922751,-12.1208056432197,20.3257561254283,20.9655377105434,24.7719227970548,-34.8638520979036,-31.8232953226951,-26.3365686572212,0,8.951837316,"Static GMP-DPD baseline",50,416,4,QPSK
S7,5GNR,QPSK,50,2.92256071356476,NN_DPD_Static,-13.0933296564481,-13.1000558344144,-11.9006601146128,22.147949121621,22.1308048349236,25.4077960276447,-32.1315215476117,-31.0984224316018,-27.3576935217176,0,23.435483633,"Offline NN-DPD with fixed weights",50,416,4,QPSK
S7,5GNR,QPSK,50,2.92256071356476,NN_DPD_Adaptive,-13.0590749147839,-13.0501752092782,-12.1320551313828,22.2354669548392,22.258261456126,24.7398603277195,-32.0563977202059,-31.2304960893095,-28.0261763502781,5,28.154604476,"Online NN-DPD adaptation",50,416,4,QPSK
S8,OFDM-QAM,4QAM,50,2.92256071356476,No_DPD,-4.28170338284371,-1.55323727656184,-0.873399434126585,61.0822225302831,83.6253861472734,90.4336434414173,-20.8565132186088,-16.8347246453922,-12.5590432945159,0,3.074865907,"Optimisation de la politique d adaptation par RL ou heuristique",50,416,4,QPSK
S8,OFDM-QAM,4QAM,50,2.92256071356476,MP_DPD,-13.329126121185,-12.5905148421542,-11.0209033979731,21.5547849322902,23.4679015634752,28.1160838673251,-33.3170670275784,-30.1927869646613,-24.2693543695073,0,3.106926632,"Static MP-DPD baseline",50,416,4,QPSK
S8,OFDM-QAM,4QAM,50,2.92256071356476,GMP_DPD,-13.38138871131,-12.789833611141,-11.6478716645693,21.4254802037605,22.9355056579818,26.1581133147104,-33.1104945561223,-31.2048466764389,-26.4382093067478,0,3.118056301,"Static GMP-DPD baseline",50,416,4,QPSK
S8,OFDM-QAM,4QAM,50,2.92256071356476,NN_DPD_Static,-13.0323395303656,-12.7302282216777,-11.4482490629225,22.3040137155621,23.0934378013358,26.7662510382998,-31.2200367256643,-30.0493210877495,-25.5527456219742,0,13.569877799,"Offline NN-DPD with fixed weights",50,416,4,QPSK
S8,OFDM-QAM,4QAM,50,2.92256071356476,RL_Adaptive_Policy,-12.9990871765118,-12.6670483684851,-11.4298930593347,22.3895642415326,23.2620283981699,26.8228763172808,-31.1708193992079,-30.0047977597219,-25.423143751986,0,14.601063261,"Online NN-DPD adaptation",50,416,4,QPSK
S0,OFDM-QAM,16QAM,50,2.92256071356476,No_DPD,-4.49739620607868,-4.54710212921107,-4.69139978299839,59.5840733636348,59.2440709726495,58.2679864888766,-21.1930966516308,-21.3801121230877,-23.557991133259,0,2.682950876,"Calibration nominale et référence de performance",50,416,16,16QAM
S0,OFDM-QAM,16QAM,50,2.92256071356476,MP_DPD,-19.3793024622285,-19.4080855384756,-19.0457324316214,10.7407566467626,10.7052231129814,11.1612639407289,-33.8863357930043,-34.0002670201295,-33.9606405294248,0,2.716106107,"Static MP-DPD baseline",50,416,16,16QAM
S0,OFDM-QAM,16QAM,50,2.92256071356476,GMP_DPD,-19.1033141020028,-19.130188900119,-18.7739535136007,11.0875169023485,11.0532643055972,11.5160177161031,-33.702655434009,-33.7096142920521,-33.672512789687,0,2.727153922,"Static GMP-DPD baseline",50,416,16,16QAM
S0,OFDM-QAM,16QAM,50,2.92256071356476,NN_DPD_Static,-17.6800886512084,-17.7478360236965,-17.5640487634345,13.0615755696583,12.9600954120092,13.2372436224921,-31.4061430626193,-31.5643109283295,-31.4738974725533,0,13.023220416,"Offline NN-DPD with fixed weights",50,416,16,16QAM
S0,OFDM-QAM,16QAM,50,2.92256071356476,NN_DPD_Adaptive,-17.5812675988891,-17.6450196401408,-17.4668466142836,13.2110282139015,13.114417880306,13.386211092546,-31.3696710156783,-31.4593116222043,-31.3916972818692,0,13.794415183,"Online NN-DPD adaptation",50,416,16,16QAM
S1,OFDM-QAM,16QAM,50,2.92256071356476,No_DPD,-3.87689912859109,-2.40475390246784,-1.06362307147277,63.9963262239519,75.8162509068797,88.4746486053965,-19.2826034825576,-16.0013653591808,-14.4866974837123,0,3.078794568,"Dérive thermique graduelle du PA",50,416,16,16QAM
S1,OFDM-QAM,16QAM,50,2.92256071356476,MP_DPD,-18.3060109408938,-16.4967599500911,-13.4218988674223,12.1534464834751,14.967938928099,21.3257864809362,-32.9456571519022,-30.6332969582922,-26.9985692365683,0,3.113059862,"Static MP-DPD baseline",50,416,16,16QAM
S1,OFDM-QAM,16QAM,50,2.92256071356476,GMP_DPD,-18.1485301278019,-16.5553787393934,-13.6834259175301,12.3758060215297,14.8672643323616,20.6932499774763,-32.9978756637046,-31.085236228881,-27.7479966861711,0,3.124127567,"Static GMP-DPD baseline",50,416,16,16QAM
S1,OFDM-QAM,16QAM,50,2.92256071356476,NN_DPD_Static,-17.0715012734329,-15.9653606400915,-14.1549629952288,14.0095742184366,15.9122637233611,19.5998094990553,-31.0745014418766,-29.9911446978954,-27.936911363367,0,13.581388306,"Offline NN-DPD with fixed weights",50,416,16,16QAM
S1,OFDM-QAM,16QAM,50,2.92256071356476,NN_DPD_Adaptive,-16.99208898761,-15.9033118655765,-14.1875028793874,14.1382465427762,16.0263420159037,19.526520244792,-31.0396926811131,-29.8976101187906,-28.1835163551086,5,16.858780265,"Online NN-DPD adaptation",50,416,16,16QAM
S2,OFDM-QAM,16QAM,50,2.92256071356476,No_DPD,-4.49739620607868,-0.913523797512699,-0.47394016985044,59.5840733636348,90.0168497341888,94.6897547048546,-21.1930966516308,-12.8805400158804,-13.5122967424273,0,2.835568764,"Rupture brutale de puissance ou changement d IBO",50,416,16,16QAM
S2,OFDM-QAM,16QAM,50,2.92256071356476,MP_DPD,-19.3793024622285,-11.4753706230245,-11.7571985424025,10.7407566467626,26.6828041695383,25.8309318062891,-33.8863357930043,-26.2813097365138,-25.2452121515595,0,2.871539525,"Static MP-DPD baseline",50,416,16,16QAM
S2,OFDM-QAM,16QAM,50,2.92256071356476,GMP_DPD,-19.1033141020028,-11.6630759078697,-12.1075139237785,11.0875169023485,26.1123648135734,24.8098594413,-33.702655434009,-27.3854232224291,-26.0999079750867,0,2.882229718,"Static GMP-DPD baseline",50,416,16,16QAM
S2,OFDM-QAM,16QAM,50,2.92256071356476,NN_DPD_Static,-17.6800886512084,-11.4601842654179,-12.9325239111444,13.0615755696583,26.7294970319742,22.561803083691,-31.4061430626193,-27.0208377842572,-26.7561320184275,0,13.288714015,"Offline NN-DPD with fixed weights",50,416,16,16QAM
S2,OFDM-QAM,16QAM,50,2.92256071356476,NN_DPD_Adaptive,-17.5812675988891,-11.6417613658585,-13.1970697178123,13.2110282139015,26.1765213449079,21.8849981435686,-31.3696710156783,-27.2776808765498,-28.8272486503021,6,20.429316344,"Online NN-DPD adaptation",50,416,16,16QAM
S3,OFDM-QAM,16QAM,50,2.92256071356476,No_DPD,-4.35982723979143,-4.45346809496334,-4.5424902502851,60.5352914954765,59.8861777824085,59.275535686467,-22.1009940426518,-20.4891238178718,-24.4413998711565,0,2.766873337,"Variation des effets mémoire du PA",50,416,16,16QAM
S3,OFDM-QAM,16QAM,50,2.92256071356476,MP_DPD,-15.4953770116141,-15.6479468848795,-15.3575660069259,16.7969778462827,16.504510783018,17.0656054089934,-34.9839896698393,-32.9434249199986,-35.0334133290863,0,2.799810321,"Static MP-DPD baseline",50,416,16,16QAM
S3,OFDM-QAM,16QAM,50,2.92256071356476,GMP_DPD,-15.3858863438848,-15.5392153919289,-15.2449689692632,17.0100536272364,16.7124157298725,17.2882705972544,-34.816275330478,-32.6365594398106,-34.7669817705705,0,2.810459426,"Static GMP-DPD baseline",50,416,16,16QAM
S3,OFDM-QAM,16QAM,50,2.92256071356476,NN_DPD_Static,-14.6918625866237,-14.8767623255145,-14.6367848579901,18.4249734477307,18.0368994289043,18.5421784793804,-32.5385964824496,-30.4748894790649,-32.6014104451496,0,13.167378981,"Offline NN-DPD with fixed weights",50,416,16,16QAM
S3,OFDM-QAM,16QAM,50,2.92256071356476,NN_DPD_Adaptive,-14.6549700618043,-15.0020641723393,-14.5960057520293,18.5033982769075,17.7785685815357,18.6294362326996,-32.4899968827695,-30.3938995862461,-32.7082849161756,3,16.802241726,"Online NN-DPD adaptation",50,416,16,16QAM
S4,OFDM-QAM,16QAM,50,2.92256071356476,No_DPD,-3.97471016974219,-2.69208084185378,-1.44812801716659,63.2797116487375,73.3492973558228,84.6434972806169,-19.392154072177,-16.2898852817205,-14.8956821904599,0,2.988049267,"Vieillissement lent du PA",50,416,16,16QAM
S4,OFDM-QAM,16QAM,50,2.92256071356476,MP_DPD,-18.7034151941139,-17.3639455760767,-14.6169294082786,11.609920350751,13.5457395568626,18.5846133281636,-32.9861569308896,-30.8674677887148,-27.609027963956,0,3.022630292,"Static MP-DPD baseline",50,416,16,16QAM
S4,OFDM-QAM,16QAM,50,2.92256071356476,GMP_DPD,-18.5384887287726,-17.4266350015619,-14.8858407072531,11.8324741284365,13.4483266706742,18.0180573387474,-33.0150997537006,-31.2453950262684,-28.2777424668832,0,3.033832489,"Static GMP-DPD baseline",50,416,16,16QAM
S4,OFDM-QAM,16QAM,50,2.92256071356476,NN_DPD_Static,-17.3325749717617,-16.6094482019744,-15.1902447684673,13.5947508092598,14.7750034139086,17.3975367106957,-31.0554228812497,-30.0555891222766,-28.2720079316799,0,13.426801775,"Offline NN-DPD with fixed weights",50,416,16,16QAM
S4,OFDM-QAM,16QAM,50,2.92256071356476,NN_DPD_Adaptive,-17.2491074357334,-16.5315605347154,-15.1343322650683,13.7260200269764,14.9080888789711,17.5098887486787,-31.0205540746733,-29.9630655622819,-28.1938005273163,2,15.179077934,"Online NN-DPD adaptation",50,416,16,16QAM
S5,OFDM-QAM,16QAM,50,2.92256071356476,No_DPD,-3.77564994631501,-3.93276194313574,-3.70662013124171,64.7466797874267,63.5860581450668,65.2632945282616,-19.8193713546601,-19.8972205094229,-22.8787611192041,0,3.078323731,"Variation de charge, désadaptation ou effet VSWR",50,416,16,16QAM
S5,OFDM-QAM,16QAM,50,2.92256071356476,MP_DPD,-11.1453596176993,-11.2146062164958,-10.9195175691534,27.7160935869556,27.4960107659365,28.446190986206,-33.261795206549,-33.1260441464803,-33.1039514066103,0,3.110318242,"Static MP-DPD baseline",50,416,16,16QAM
S5,OFDM-QAM,16QAM,50,2.92256071356476,GMP_DPD,-11.1150215551602,-11.1774300739001,-10.8967171966487,27.8130695780382,27.6139475938371,28.5209600410897,-33.2794221144256,-33.0065211007922,-32.9861840658958,0,3.121343968,"Static GMP-DPD baseline",50,416,16,16QAM
S5,OFDM-QAM,16QAM,50,2.92256071356476,NN_DPD_Static,-10.8733216850859,-10.9399039383071,-10.7543971720259,28.5978850221739,28.3795041461211,28.9921312037469,-31.1677713052594,-31.1326396276196,-31.3241195872487,0,13.529603319,"Offline NN-DPD with fixed weights",50,416,16,16QAM
S5,OFDM-QAM,16QAM,50,2.92256071356476,NN_DPD_Adaptive,-10.8374624960679,-10.9279610797014,-10.7372821426239,28.7161937706928,28.4185520200446,29.0493147954569,-31.1271596936537,-31.0163679186488,-31.2812793168317,2,15.330469114,"Online NN-DPD adaptation",50,416,16,16QAM
S6,OFDM-QAM,16QAM,50,2.92256071356476,No_DPD,-4.18247146699122,-2.03390177009845,-0.638104391116333,61.7840575909187,79.1233946255507,92.9169146563727,-20.0967102086197,-17.2095721334292,-12.6221362376616,0,3.095010238,"Dérive combinée thermique + puissance + mémoire + charge",50,416,16,16QAM
S6,OFDM-QAM,16QAM,50,2.92256071356476,MP_DPD,-13.59824082797,-13.0416522788352,-10.7430778362868,20.8971932337554,22.2801128410469,29.029937992454,-33.519395630457,-31.2880749387799,-24.7616911314917,0,3.125091059,"Static MP-DPD baseline",50,416,16,16QAM
S6,OFDM-QAM,16QAM,50,2.92256071356476,GMP_DPD,-13.5659839827343,-13.069027386214,-10.9907961824787,20.9749435587173,22.2100036893121,28.2137095338569,-33.459715777359,-31.7427327895689,-25.5970440441426,0,3.135953097,"Static GMP-DPD baseline",50,416,16,16QAM
S6,OFDM-QAM,16QAM,50,2.92256071356476,NN_DPD_Static,-13.0653615488588,-12.809245558198,-11.3597758035376,22.2193792913615,22.8843047217449,27.0402815842455,-31.3720557902884,-30.5946338680693,-25.9101831079966,0,13.603679235,"Offline NN-DPD with fixed weights",50,416,16,16QAM
S6,OFDM-QAM,16QAM,50,2.92256071356476,NN_DPD_Adaptive,-13.0403808675257,-12.7836601966134,-11.7114335481036,22.2833743677233,22.9518126476709,25.967391315738,-31.3248738907065,-30.8665317130235,-27.5209686921021,7,19.819633419,"Online NN-DPD adaptation",50,416,16,16QAM
S7,5GNR,16QAM,50,2.92256071356476,No_DPD,-4.26940043715149,-2.08449965889276,-0.388478527649752,61.1688024623634,78.6638172216043,95.6260184600275,-19.3447817624628,-15.2645259004657,-11.7175105106758,0,4.64608845,"Stress test 5G NR avec variation de bande, modulation et numérologie",50,416,16,16QAM
S7,5GNR,16QAM,50,2.92256071356476,MP_DPD,-13.7357929808929,-13.3324646909005,-11.8575920899367,20.5688660978759,21.5465015753712,25.5340906288888,-36.1131615617926,-32.2331147686262,-27.823261831994,0,4.684260508,"Static MP-DPD baseline",50,416,16,16QAM
S7,5GNR,16QAM,50,2.92256071356476,GMP_DPD,-13.666007977821,-13.2693232907597,-12.0130699753078,20.7347880845378,21.7037028842653,25.0810954659432,-36.2739171977546,-32.9002677582232,-28.7523445463753,0,4.698968994,"Static GMP-DPD baseline",50,416,16,16QAM
S7,5GNR,16QAM,50,2.92256071356476,NN_DPD_Static,-13.2578463288886,-13.203155663332,-11.84790856124,21.7323996810942,21.8696693446335,25.5625733739816,-32.0905500864243,-30.8128081446811,-27.5638409103612,0,19.326531571,"Offline NN-DPD with fixed weights",50,416,16,16QAM
S7,5GNR,16QAM,50,2.92256071356476,NN_DPD_Adaptive,-13.2329778310845,-13.2802857831836,-12.0640747002439,21.7947106909261,21.6763278418188,24.9342474409552,-31.9806242538011,-30.8844873795786,-28.2241266405916,10,26.639572519,"Online NN-DPD adaptation",50,416,16,16QAM
S8,OFDM-QAM,16QAM,50,2.92256071356476,No_DPD,-4.18247146699122,-2.03390177009845,-0.638104391116333,61.7840575909187,79.1233946255507,92.9169146563727,-20.0967102086197,-17.2095721334292,-12.6221362376616,0,3.215777463,"Optimisation de la politique d adaptation par RL ou heuristique",50,416,16,16QAM
S8,OFDM-QAM,16QAM,50,2.92256071356476,MP_DPD,-13.59824082797,-13.0416522788352,-10.7430778362868,20.8971932337554,22.2801128410469,29.029937992454,-33.519395630457,-31.2880749387799,-24.7616911314917,0,3.246061985,"Static MP-DPD baseline",50,416,16,16QAM
S8,OFDM-QAM,16QAM,50,2.92256071356476,GMP_DPD,-13.5659839827343,-13.069027386214,-10.9907961824787,20.9749435587173,22.2100036893121,28.2137095338569,-33.459715777359,-31.7427327895689,-25.5970440441426,0,3.257068154,"Static GMP-DPD baseline",50,416,16,16QAM
S8,OFDM-QAM,16QAM,50,2.92256071356476,NN_DPD_Static,-13.0653615488588,-12.809245558198,-11.3597758035376,22.2193792913615,22.8843047217449,27.0402815842455,-31.3720557902884,-30.5946338680693,-25.9101831079966,0,13.820000529,"Offline NN-DPD with fixed weights",50,416,16,16QAM
S8,OFDM-QAM,16QAM,50,2.92256071356476,RL_Adaptive_Policy,-13.0403808675257,-12.7743440575729,-11.3232366322591,22.2833743677233,22.9764430535826,27.1542722776675,-31.3248738907065,-30.4936246261755,-25.8492021296484,0,14.857956914,"Online NN-DPD adaptation",50,416,16,16QAM
S0,OFDM-QAM,64QAM,50,2.92256071356476,No_DPD,-4.60977314318122,-4.11286089033333,-4.51742680258058,58.818147598179,62.281197670882,59.4468243927799,-22.7259382354037,-22.0777607403293,-22.2010351395954,0,2.698633859,"Calibration nominale et référence de performance",50,416,64,64QAM
S0,OFDM-QAM,64QAM,50,2.92256071356476,MP_DPD,-19.9391465293996,-19.5781337150773,-19.5857186535184,10.0703061424883,10.4976796175703,10.4885165379971,-34.2023780555908,-33.5065397059695,-33.0458278359363,0,2.732213083,"Static MP-DPD baseline",50,416,64,64QAM
S0,OFDM-QAM,64QAM,50,2.92256071356476,GMP_DPD,-19.7929998553767,-19.4678455376074,-19.4956145595292,10.2411801844387,10.6318226405485,10.5978866946432,-34.3048284702824,-33.571448695811,-33.1578783903773,0,2.743470782,"Static GMP-DPD baseline",50,416,64,64QAM
S0,OFDM-QAM,64QAM,50,2.92256071356476,NN_DPD_Static,-17.8596523718445,-17.6933528021522,-17.7317794807201,12.7943250879879,13.0416445666667,12.9840753145287,-31.4408548538099,-31.2585632080051,-31.0935637759013,0,13.068827074,"Offline NN-DPD with fixed weights",50,416,64,64QAM
S0,OFDM-QAM,64QAM,50,2.92256071356476,NN_DPD_Adaptive,-17.6551590582533,-17.6256218746683,-17.6164657874596,13.0991177798466,13.1437383855459,13.1576009456494,-31.2463480476665,-31.2088564644659,-31.0511831056901,0,13.85791782,"Online NN-DPD adaptation",50,416,64,64QAM
S1,OFDM-QAM,64QAM,50,2.92256071356476,No_DPD,-3.98857728632808,-1.78411602983638,-0.814305331773175,63.178765508123,81.4318307123641,91.0510028220417,-20.6936679342213,-16.5162406815785,-13.7573943050754,0,3.100818788,"Dérive thermique graduelle du PA",50,416,64,64QAM
S1,OFDM-QAM,64QAM,50,2.92256071356476,MP_DPD,-18.7080686863035,-16.0689186034299,-13.507617522193,11.603701965988,15.7236754063536,21.1163632321811,-33.1088542706649,-28.7010108617985,-25.2031152260691,0,3.134645105,"Static MP-DPD baseline",50,416,64,64QAM
S1,OFDM-QAM,64QAM,50,2.92256071356476,GMP_DPD,-18.592093718781,-16.0195428596345,-13.5246172242355,11.759674855747,15.8133126290769,21.0750754834386,-33.2034903148208,-28.736383640943,-25.4235716215814,0,3.145711632,"Static GMP-DPD baseline",50,416,64,64QAM
S1,OFDM-QAM,64QAM,50,2.92256071356476,NN_DPD_Static,-17.2009213734071,-15.5761122114484,-13.9589386269151,13.8023784530085,16.6415735752767,20.0471697897493,-31.0473573732681,-28.740742173309,-27.073801751559,0,13.564055074,"Offline NN-DPD with fixed weights",50,416,64,64QAM
S1,OFDM-QAM,64QAM,50,2.92256071356476,NN_DPD_Adaptive,-16.8455427759772,-15.5875396151104,-14.2835951540827,14.3788072245492,16.619693843314,19.3116882648377,-30.7793958369365,-28.7371887437846,-28.2275985991471,6,18.016894073,"Online NN-DPD adaptation",50,416,64,64QAM
S2,OFDM-QAM,64QAM,50,2.92256071356476,No_DPD,-4.60977314318122,-0.725757422106615,-0.356407364413372,58.818147598179,91.9839656019947,95.9797538443847,-22.7259382354037,-13.3012132080882,-13.0727649769599,0,2.86258086,"Rupture brutale de puissance ou changement d IBO",50,416,64,64QAM
S2,OFDM-QAM,64QAM,50,2.92256071356476,MP_DPD,-19.9391465293996,-10.9442630314703,-11.8487912473844,10.0703061424883,28.3652652056531,25.5599757606322,-34.2023780555908,-23.6707666609056,-23.4097951869131,0,2.894871384,"Static MP-DPD baseline",50,416,64,64QAM
S2,OFDM-QAM,64QAM,50,2.92256071356476,GMP_DPD,-19.7929998553767,-10.9309658107679,-11.8890809250303,10.2411801844387,28.4087228209904,25.4416898355514,-34.3048284702824,-23.6983510790374,-23.641245719955,0,2.905547775,"Static GMP-DPD baseline",50,416,64,64QAM
S2,OFDM-QAM,64QAM,50,2.92256071356476,NN_DPD_Static,-17.8596523718445,-10.9973389024515,-12.6763887863592,12.7943250879879,28.1924653202685,23.2370268966859,-31.4408548538099,-24.6776204855191,-25.7320308579214,0,13.317285969,"Offline NN-DPD with fixed weights",50,416,64,64QAM
S2,OFDM-QAM,64QAM,50,2.92256071356476,NN_DPD_Adaptive,-17.6551590582533,-11.2697240525605,-13.2026889122798,13.0991177798466,27.3220824372562,21.8708445800867,-31.2463480476665,-25.3139418612804,-28.2302588990353,6,20.421953298,"Online NN-DPD adaptation",50,416,64,64QAM
S3,OFDM-QAM,64QAM,50,2.92256071356476,No_DPD,-4.4721167039701,-3.98610775208332,-4.39273496209506,59.7577400587123,63.1967307728607,60.3063788831479,-23.599471618121,-21.2493364623399,-23.0792024665846,0,2.7864675,"Variation des effets mémoire du PA",50,416,64,64QAM
S3,OFDM-QAM,64QAM,50,2.92256071356476,MP_DPD,-15.6660861046849,-15.7232356289768,-15.5516257996832,16.4700794726869,16.3620689537176,16.6885540644996,-35.2504490547928,-32.5423843610617,-34.1244343300797,0,2.821210837,"Static MP-DPD baseline",50,416,64,64QAM
S3,OFDM-QAM,64QAM,50,2.92256071356476,GMP_DPD,-15.5876367558874,-15.6954455756947,-15.497338642324,16.6195079739311,16.4145023787718,16.7931848269654,-35.3475220208474,-32.6130936522747,-34.2383873930557,0,2.832012033,"Static GMP-DPD baseline",50,416,64,64QAM
S3,OFDM-QAM,64QAM,50,2.92256071356476,NN_DPD_Static,-14.7552878378045,-14.868704520605,-14.7366828170643,18.2909224369238,18.0536398271633,18.3301432568195,-32.5643682553489,-30.1800223680037,-32.2462501138351,0,13.192244653,"Offline NN-DPD with fixed weights",50,416,64,64QAM
S3,OFDM-QAM,64QAM,50,2.92256071356476,NN_DPD_Adaptive,-14.65206564295,-14.8236625037373,-14.3077513769068,18.509586543996,18.1475029140752,19.2580553751773,-32.3078514882583,-30.1750435113736,-32.5553869782499,5,18.224609295,"Online NN-DPD adaptation",50,416,64,64QAM
S4,OFDM-QAM,64QAM,50,2.92256071356476,No_DPD,-4.09003470525096,-2.04505309217701,-1.14895294992914,62.4450855226128,79.0218777574576,87.6097321378195,-20.8150274996711,-16.8260194152726,-14.0303244391764,0,3.033170789,"Vieillissement lent du PA",50,416,64,64QAM
S4,OFDM-QAM,64QAM,50,2.92256071356476,MP_DPD,-19.1314231405753,-16.9130302777709,-14.732082305493,11.0516937794539,14.2675198719556,18.3398544523256,-33.1609877677349,-29.0596099881417,-25.8852566587504,0,3.065162224,"Static MP-DPD baseline",50,416,64,64QAM
S4,OFDM-QAM,64QAM,50,2.92256071356476,GMP_DPD,-19.0079962538028,-16.8582108589727,-14.7485980753633,11.2098599635299,14.3578514947213,18.3050153006302,-33.2559837155898,-29.0963777679701,-26.0977136370701,0,3.076218177,"Static GMP-DPD baseline",50,416,64,64QAM
S4,OFDM-QAM,64QAM,50,2.92256071356476,NN_DPD_Static,-17.4665212879535,-16.199819302508,-15.0006909920559,13.3867124768217,15.4884884015882,17.7813794749205,-31.0345303146943,-28.9295348190024,-27.4857988510874,0,13.470413758,"Offline NN-DPD with fixed weights",50,416,64,64QAM
S4,OFDM-QAM,64QAM,50,2.92256071356476,NN_DPD_Adaptive,-17.1109218723828,-16.1669942643893,-15.0672810510967,13.9461363319168,15.5471320324528,17.6455803862473,-30.7755891102649,-28.8956369773507,-27.7014147078771,4,16.227996856,"Online NN-DPD adaptation",50,416,64,64QAM
S5,OFDM-QAM,64QAM,50,2.92256071356476,No_DPD,-3.83957446828805,-3.63641243817771,-3.57386480433314,64.2719204097909,65.7929528059287,66.268441927532,-21.7127805588964,-20.0823532810445,-22.0178383802303,0,3.019583204,"Variation de charge, désadaptation ou effet VSWR",50,416,64,64QAM
S5,OFDM-QAM,64QAM,50,2.92256071356476,MP_DPD,-11.2105151307597,-11.1644958448141,-11.0669181694063,27.5089645378066,27.6550983797485,27.9675286425425,-33.6556511191206,-31.8107677999277,-33.2010602653905,0,3.054174459,"Static MP-DPD baseline",50,416,64,64QAM
S5,OFDM-QAM,64QAM,50,2.92256071356476,GMP_DPD,-11.1940633750731,-11.1515119329572,-11.0564652752573,27.5611180483417,27.696468910976,28.0012059751118,-33.754679698847,-31.8601608689986,-33.2869266302695,0,3.06535966,"Static GMP-DPD baseline",50,416,64,64QAM
S5,OFDM-QAM,64QAM,50,2.92256071356476,NN_DPD_Static,-10.9319792006376,-10.8885722311679,-10.7720338837959,28.4054085453365,28.5477173677908,28.9333223643365,-31.1345918105288,-30.5164827859384,-30.9405372775428,0,13.569126893,"Offline NN-DPD with fixed weights",50,416,64,64QAM
S5,OFDM-QAM,64QAM,50,2.92256071356476,NN_DPD_Adaptive,-10.8585883553321,-10.8833531238851,-10.7539829089295,28.646434985167,28.56487604443,28.9935139816727,-30.915451576688,-30.5932495891102,-31.0597171391151,5,16.887306181,"Online NN-DPD adaptation",50,416,64,64QAM
S6,OFDM-QAM,64QAM,50,2.92256071356476,No_DPD,-4.27981948016965,-1.32658493464957,-0.482631123530207,61.0954722314974,85.8362534155518,94.595057128485,-21.4130680104251,-17.4331545627119,-12.0602170928729,0,3.137752936,"Dérive combinée thermique + puissance + mémoire + charge",50,416,64,64QAM
S6,OFDM-QAM,64QAM,50,2.92256071356476,MP_DPD,-13.6803869680227,-12.6096432254849,-10.7184622347211,20.7004912327432,23.416276559808,29.1123248219744,-33.6450116591988,-28.2653830229817,-22.5776270325327,0,3.168898505,"Static MP-DPD baseline",50,416,64,64QAM
S6,OFDM-QAM,64QAM,50,2.92256071356476,GMP_DPD,-13.6417877659736,-12.5854912652431,-10.7477510692951,20.7926867932032,23.4814784004158,29.0143233368032,-33.7375826821186,-28.2854304824012,-22.8168821258417,0,3.179032756,"Static GMP-DPD baseline",50,416,64,64QAM
S6,OFDM-QAM,64QAM,50,2.92256071356476,NN_DPD_Static,-13.0899702897291,-12.4948910572395,-11.1896074912315,22.1565167498374,23.7276893133752,27.5752606004322,-31.3437691459697,-28.6039959178143,-24.9139339637917,0,13.564092013,"Offline NN-DPD with fixed weights",50,416,64,64QAM
S6,OFDM-QAM,64QAM,50,2.92256071356476,NN_DPD_Adaptive,-12.9889384437299,-12.5248521504924,-11.4394267746982,22.4157398565657,23.6459840593679,26.7934514237178,-31.0690568115371,-28.7108715389104,-25.5928612383068,6,18.055789891,"Online NN-DPD adaptation",50,416,64,64QAM
S7,5GNR,64QAM,50,2.92256071356476,No_DPD,-3.67719081854448,-1.68733445195824,-0.467763983169977,65.4847930063658,82.3442498292026,94.7571087234997,-19.2536468012183,-14.8013416463554,-11.8798349416173,0,9.05205607,"Stress test 5G NR avec variation de bande, modulation et numérologie",50,416,64,64QAM
S7,5GNR,64QAM,50,2.92256071356476,MP_DPD,-13.8727669875645,-13.5938729040003,-12.1505619508149,20.2470451174815,20.9077045698954,24.6872038099012,-35.5158034158119,-31.5842388330219,-27.9076038797993,0,9.086917888,"Static MP-DPD baseline",50,416,64,64QAM
S7,5GNR,64QAM,50,2.92256071356476,GMP_DPD,-13.8523227890939,-13.6344704849203,-12.1543811125018,20.2947572290447,20.8102106213714,24.6763513006461,-35.618014195044,-31.6387005092178,-27.9430683598169,0,9.100377074,"Static GMP-DPD baseline",50,416,64,64QAM
S7,5GNR,64QAM,50,2.92256071356476,NN_DPD_Static,-13.0125189141878,-13.0895105094189,-11.67578501922,22.3549680904187,22.1576896175802,26.0741853876997,-31.6728922427079,-30.6720707815412,-26.9445462856715,0,23.562693896,"Offline NN-DPD with fixed weights",50,416,64,64QAM
S7,5GNR,64QAM,50,2.92256071356476,NN_DPD_Adaptive,-12.9331523729929,-13.1552092808766,-11.9373038231057,22.5601706982809,21.9907244098817,25.3008323475987,-30.4151097851371,-30.8230477671637,-27.8973787774001,9,29.690778257,"Online NN-DPD adaptation",50,416,64,64QAM
S8,OFDM-QAM,64QAM,50,2.92256071356476,No_DPD,-4.27981948016965,-1.32658493464957,-0.482631123530207,61.0954722314974,85.8362534155518,94.595057128485,-21.4130680104251,-17.4331545627119,-12.0602170928729,0,3.095001604,"Optimisation de la politique d adaptation par RL ou heuristique",50,416,64,64QAM
S8,OFDM-QAM,64QAM,50,2.92256071356476,MP_DPD,-13.6803869680227,-12.6096432254849,-10.7184622347211,20.7004912327432,23.416276559808,29.1123248219744,-33.6450116591988,-28.2653830229817,-22.5776270325327,0,3.124190239,"Static MP-DPD baseline",50,416,64,64QAM
S8,OFDM-QAM,64QAM,50,2.92256071356476,GMP_DPD,-13.6417877659736,-12.5854912652431,-10.7477510692951,20.7926867932032,23.4814784004158,29.0143233368032,-33.7375826821186,-28.2854304824012,-22.8168821258417,0,3.134947172,"Static GMP-DPD baseline",50,416,64,64QAM
S8,OFDM-QAM,64QAM,50,2.92256071356476,NN_DPD_Static,-13.0899702897291,-12.4948910572395,-11.1896074912315,22.1565167498374,23.7276893133752,27.5752606004322,-31.3437691459697,-28.6039959178143,-24.9139339637917,0,13.70827595,"Offline NN-DPD with fixed weights",50,416,64,64QAM
S8,OFDM-QAM,64QAM,50,2.92256071356476,RL_Adaptive_Policy,-12.9889384437299,-12.4791333100476,-11.1654963783022,22.4157398565657,23.7707746283344,27.6519129537753,-31.0690568115371,-28.559615229807,-24.8962618614766,0,14.75141428,"Online NN-DPD adaptation",50,416,64,64QAM
S0,OFDM-QAM,256QAM,50,2.92256071356476,No_DPD,-4.2405699668924,-4.56742583267997,-4.5601698239859,61.3721731507186,59.1056106169984,59.1550068247663,-21.4966883566476,-21.7508182198239,-23.237473419081,0,2.716911468,"Calibration nominale et référence de performance",50,416,256,256QAM
S0,OFDM-QAM,256QAM,50,2.92256071356476,MP_DPD,-19.2082173217756,-19.1579845877862,-19.0977499945941,10.9544135894529,11.0179493256379,11.0946217472708,-33.9734818223731,-33.7095061335635,-33.7279917376794,0,2.729100514,"Static MP-DPD baseline",50,416,256,256QAM
S0,OFDM-QAM,256QAM,50,2.92256071356476,GMP_DPD,-19.2861442944908,-19.2303014512886,-19.1431788425377,10.8565737087749,10.9265970483373,11.0367462559961,-33.8165137459893,-33.5874917481715,-33.4039446862274,0,2.739493781,"Static GMP-DPD baseline",50,416,256,256QAM
S0,OFDM-QAM,256QAM,50,2.92256071356476,NN_DPD_Static,-17.7221693681297,-17.8202525322099,-17.8514796557453,12.9984489117149,12.8524929226157,12.8063691732469,-31.362416606656,-31.2547755235025,-31.5325021560682,0,13.049861734,"Offline NN-DPD with fixed weights",50,416,256,256QAM
S0,OFDM-QAM,256QAM,50,2.92256071356476,NN_DPD_Adaptive,-17.6305063053184,-17.737910786091,-17.7191700955383,13.1363492022113,12.9749131857405,13.0029381033746,-31.260285701799,-31.1464906341971,-31.5066244973126,0,13.823890907,"Online NN-DPD adaptation",50,416,256,256QAM
S1,OFDM-QAM,256QAM,50,2.92256071356476,No_DPD,-3.6618213362299,-2.4629085412907,-0.882108582016443,65.6007694228137,75.3103338684698,90.3430130874499,-19.5135242559511,-16.1995320516432,-14.086553273767,0,3.074596141,"Dérive thermique graduelle du PA",50,416,256,256QAM
S1,OFDM-QAM,256QAM,50,2.92256071356476,MP_DPD,-18.2214313278296,-16.11301242629,-13.4884159573587,12.2723698092766,15.6440566047042,21.1630960068851,-33.0916350114705,-29.6342885874658,-25.4481577279092,0,3.10707357,"Static MP-DPD baseline",50,416,256,256QAM
S1,OFDM-QAM,256QAM,50,2.92256071356476,GMP_DPD,-18.3168924520878,-16.2464260835311,-13.5921216834466,12.1382304186518,15.4056027820379,20.9119203376227,-33.0329238892308,-29.7664021805899,-25.0595754987167,0,3.117520006,"Static GMP-DPD baseline",50,416,256,256QAM
S1,OFDM-QAM,256QAM,50,2.92256071356476,NN_DPD_Static,-17.1098740868877,-15.9695582167736,-14.2767050974441,13.9478187664593,15.9045757589457,19.3270132827252,-30.9573547277764,-29.530214428684,-27.4330812214467,0,13.468809158,"Offline NN-DPD with fixed weights",50,416,256,256QAM
S1,OFDM-QAM,256QAM,50,2.92256071356476,NN_DPD_Adaptive,-17.0311345352806,-15.8816509635824,-14.3958573360247,14.0748337340862,16.0663584395512,19.0636972861327,-30.8541758720668,-29.3632568067746,-27.752666180792,5,16.720960075,"Online NN-DPD adaptation",50,416,256,256QAM
S2,OFDM-QAM,256QAM,50,2.92256071356476,No_DPD,-4.2405699668924,-1.00781497208587,-0.393023764193578,61.3721731507186,89.0449411857137,95.5759914403994,-21.4966883566476,-13.1198991786928,-13.1024411898329,0,2.842576779,"Rupture brutale de puissance ou changement d IBO",50,416,256,256QAM
S2,OFDM-QAM,256QAM,50,2.92256071356476,MP_DPD,-19.2082173217756,-11.1060829152319,-11.9844425123414,10.9544135894529,27.8417067115022,25.1638955807452,-33.9734818223731,-24.5346075113878,-23.7338190119014,0,2.876110314,"Static MP-DPD baseline",50,416,256,256QAM
S2,OFDM-QAM,256QAM,50,2.92256071356476,GMP_DPD,-19.2861442944908,-11.2130574965614,-12.098140867037,10.8565737087749,27.5009138234683,24.8366465346067,-33.8165137459893,-24.8225723552095,-23.3969712879117,0,2.886454661,"Static GMP-DPD baseline",50,416,256,256QAM
S2,OFDM-QAM,256QAM,50,2.92256071356476,NN_DPD_Static,-17.7221693681297,-11.3180934174129,-12.9373779621989,12.9984489117149,27.1703560202812,22.5491980940892,-31.362416606656,-26.000017106065,-26.0539946771293,0,13.273117583,"Offline NN-DPD with fixed weights",50,416,256,256QAM
S2,OFDM-QAM,256QAM,50,2.92256071356476,NN_DPD_Adaptive,-17.6305063053184,-11.4483636686525,-13.3528320643968,13.1363492022113,26.7658978740724,21.4960367934074,-31.260285701799,-26.1688938943319,-28.5665556730326,6,20.327549316,"Online NN-DPD adaptation",50,416,256,256QAM
S3,OFDM-QAM,256QAM,50,2.92256071356476,No_DPD,-4.10225762708439,-4.46361927924813,-4.43520007983,62.3572736062695,59.8162297914173,60.0122619139555,-22.3888629938059,-20.9081397570831,-24.1135559494378,0,2.778831906,"Variation des effets mémoire du PA",50,416,256,256QAM
S3,OFDM-QAM,256QAM,50,2.92256071356476,MP_DPD,-15.4103197983324,-15.5316488290454,-15.4328397649383,16.9622714917554,16.7269808055996,16.9183502542835,-35.0611409304833,-32.6582608590774,-34.7869989293891,0,2.812452195,"Static MP-DPD baseline",50,416,256,256QAM
S3,OFDM-QAM,256QAM,50,2.92256071356476,GMP_DPD,-15.4510306265582,-15.5524266695521,-15.468357340178,16.8829552244468,16.6870153914892,16.8493104777307,-34.9057822635189,-32.5359684584195,-34.4524794619666,0,2.823059769,"Static GMP-DPD baseline",50,416,256,256QAM
S3,OFDM-QAM,256QAM,50,2.92256071356476,NN_DPD_Static,-14.7433438402976,-14.9202233578893,-14.8660035697261,18.316091650114,17.9468747580169,18.0592546321692,-32.4818595839361,-30.150456363618,-32.6733428180781,0,13.197353169,"Offline NN-DPD with fixed weights",50,416,256,256QAM
S3,OFDM-QAM,256QAM,50,2.92256071356476,NN_DPD_Adaptive,-14.7039066085442,-14.9099671337856,-14.8159313517162,18.3994427293434,17.9680787903505,18.1636628663587,-32.3287161300854,-30.06710237285,-32.8770657727616,4,16.406040359,"Online NN-DPD adaptation",50,416,256,256QAM
S4,OFDM-QAM,256QAM,50,2.92256071356476,No_DPD,-3.75150554323523,-2.75039533102471,-1.22545122874737,64.9269082667906,72.8585012819195,86.8415244377154,-19.6293219164973,-16.498976521665,-14.5014896375171,0,2.995562285,"Vieillissement lent du PA",50,416,256,256QAM
S4,OFDM-QAM,256QAM,50,2.92256071356476,MP_DPD,-18.6029043648537,-16.9584772790348,-14.7065736408743,11.7450476147014,14.1930631808732,18.3937939843579,-33.1249938091027,-29.9634134002831,-26.1798807180042,0,3.02899208,"Static MP-DPD baseline",50,416,256,256QAM
S4,OFDM-QAM,256QAM,50,2.92256071356476,GMP_DPD,-18.70275179663,-17.0991080432557,-14.8130749306945,11.6108071092067,13.9651176192582,18.1696371076409,-33.0560080445257,-30.0744751873213,-25.7968425234229,0,3.039901664,"Static GMP-DPD baseline",50,416,256,256QAM
S4,OFDM-QAM,256QAM,50,2.92256071356476,NN_DPD_Static,-17.3494875442693,-16.5671058993048,-15.2767633454476,13.568305791059,14.8472050007826,17.2251032067748,-30.9448934433466,-29.6308811736286,-27.8617685219603,0,13.438475335,"Offline NN-DPD with fixed weights",50,416,256,256QAM
S4,OFDM-QAM,256QAM,50,2.92256071356476,NN_DPD_Adaptive,-17.2670245670811,-16.4669847672866,-15.316537165732,13.6977353679661,15.0193369877711,17.1464075314227,-30.8439782304436,-29.4730179200651,-27.9857413199742,4,16.149120961,"Online NN-DPD adaptation",50,416,256,256QAM
S5,OFDM-QAM,256QAM,50,2.92256071356476,No_DPD,-3.79044319208168,-3.66033911196246,-3.75534909756308,64.6365012787946,65.6119649771413,64.8981841056337,-20.5750651821441,-18.6822317049567,-23.0607124267983,0,3.019741412,"Variation de charge, désadaptation ou effet VSWR",50,416,256,256QAM
S5,OFDM-QAM,256QAM,50,2.92256071356476,MP_DPD,-11.1294365680175,-11.1117717370544,-11.0100162716781,27.7669495753554,27.8234777609826,28.1513474140648,-33.2244677328894,-32.4250519970576,-33.8592972416065,0,3.051566764,"Static MP-DPD baseline",50,416,256,256QAM
S5,OFDM-QAM,256QAM,50,2.92256071356476,GMP_DPD,-11.1430702256159,-11.1273145334285,-11.0215778183576,27.7233998469891,27.7737340992314,28.1139008642314,-33.1736498664012,-32.4226806959368,-33.5310440425296,0,3.062049384,"Static GMP-DPD baseline",50,416,256,256QAM
S5,OFDM-QAM,256QAM,50,2.92256071356476,NN_DPD_Static,-10.8962995146427,-10.9291024400635,-10.8123983590613,28.5223315733943,28.4148179548919,28.7991773337536,-30.9942189321179,-30.68747211287,-31.5019752609682,0,13.43063628,"Offline NN-DPD with fixed weights",50,416,256,256QAM
S5,OFDM-QAM,256QAM,50,2.92256071356476,NN_DPD_Adaptive,-10.8746834349106,-10.9127871595254,-10.8121034668309,28.5934018760602,28.4682415441495,28.8001551032349,-30.908634942485,-30.6438074010477,-31.5399338101309,2,15.181567325,"Online NN-DPD adaptation",50,416,256,256QAM
S6,OFDM-QAM,256QAM,50,2.92256071356476,No_DPD,-3.86317722859945,-2.13827868720683,-0.505586867260654,64.0975070169943,78.1782717823274,94.3453840377664,-20.2498253505799,-16.9062461837645,-12.2190697246114,0,3.089829232,"Dérive combinée thermique + puissance + mémoire + charge",50,416,256,256QAM
S6,OFDM-QAM,256QAM,50,2.92256071356476,MP_DPD,-13.5480723766356,-12.7138923883132,-10.7799459093304,21.0182416638818,23.1369112443135,28.9069788389484,-33.5434679133852,-29.1614812031317,-22.9084973231847,0,3.119204704,"Static MP-DPD baseline",50,416,256,256QAM
S6,OFDM-QAM,256QAM,50,2.92256071356476,GMP_DPD,-13.5742408664138,-12.7838010926769,-10.8401709000582,20.955014065531,22.9514403433982,28.707240982605,-33.4373405560919,-29.2611760025649,-22.5454219535671,0,3.12966064,"Static GMP-DPD baseline",50,416,256,256QAM
S6,OFDM-QAM,256QAM,50,2.92256071356476,NN_DPD_Static,-13.0243535477951,-12.8270576008239,-11.2953693503991,22.3245299068366,22.8374242561841,27.2415323040531,-31.2329049495344,-30.0241280426887,-25.2215269377486,0,13.489441362,"Offline NN-DPD with fixed weights",50,416,256,256QAM
S6,OFDM-QAM,256QAM,50,2.92256071356476,NN_DPD_Adaptive,-12.9952535584456,-12.7773905573621,-11.7447292813504,22.3994483162836,22.9683856803344,25.8680407209033,-31.116396718866,-30.2017422863461,-27.1383554813593,7,19.71777057,"Online NN-DPD adaptation",50,416,256,256QAM
S7,5GNR,256QAM,50,2.92256071356476,No_DPD,-4.13020895766456,-2.15480300232804,-0.376196766573427,62.1569294393013,78.0296843134545,95.7613283345868,-19.4915466625224,-14.2797380612832,-11.9341106505293,0,7.964960355,"Stress test 5G NR avec variation de bande, modulation et numérologie",50,416,256,256QAM
S7,5GNR,256QAM,50,2.92256071356476,MP_DPD,-13.7554798457708,-13.4193218087792,-11.9682667280229,20.5222988549396,21.3321146704847,25.2108021178723,-34.8277295622026,-31.1393287263288,-27.1130442684506,0,8.003005091,"Static MP-DPD baseline",50,416,256,256QAM
S7,5GNR,256QAM,50,2.92256071356476,GMP_DPD,-13.7105038621485,-13.4006288304763,-11.9731832447177,20.6288399743755,21.3780731352527,25.1965359619041,-35.1458252575543,-31.4224250214418,-27.1808273272789,0,8.016918787,"Static GMP-DPD baseline",50,416,256,256QAM
S7,5GNR,256QAM,50,2.92256071356476,NN_DPD_Static,-13.263641021982,-13.2313905090054,-11.8888509453177,21.7179059914815,21.798693977407,25.4423634740873,-31.7763307976744,-30.1288660915412,-27.1532039766079,0,22.482757777,"Offline NN-DPD with fixed weights",50,416,256,256QAM
S7,5GNR,256QAM,50,2.92256071356476,NN_DPD_Adaptive,-13.2254108640841,-13.2106226485386,-12.0584356241074,21.8137060640775,21.8508767589297,24.9504405746242,-31.56817454401,-30.5802893849158,-28.4015682367716,9,29.199037028,"Online NN-DPD adaptation",50,416,256,256QAM
S8,OFDM-QAM,256QAM,50,2.92256071356476,No_DPD,-3.86317722859945,-2.13827868720683,-0.505586867260654,64.0975070169943,78.1782717823274,94.3453840377664,-20.2498253505799,-16.9062461837645,-12.2190697246114,0,3.082152288,"Optimisation de la politique d adaptation par RL ou heuristique",50,416,256,256QAM
S8,OFDM-QAM,256QAM,50,2.92256071356476,MP_DPD,-13.5480723766356,-12.7138923883132,-10.7799459093304,21.0182416638818,23.1369112443135,28.9069788389484,-33.5434679133852,-29.1614812031317,-22.9084973231847,0,3.114095273,"Static MP-DPD baseline",50,416,256,256QAM
S8,OFDM-QAM,256QAM,50,2.92256071356476,GMP_DPD,-13.5742408664138,-12.7838010926769,-10.8401709000582,20.955014065531,22.9514403433982,28.707240982605,-33.4373405560919,-29.2611760025649,-22.5454219535671,0,3.124407718,"Static GMP-DPD baseline",50,416,256,256QAM
S8,OFDM-QAM,256QAM,50,2.92256071356476,NN_DPD_Static,-13.0243535477951,-12.8270576008239,-11.2953693503991,22.3245299068366,22.8374242561841,27.2415323040531,-31.2329049495344,-30.0241280426887,-25.2215269377486,0,13.510366827,"Offline NN-DPD with fixed weights",50,416,256,256QAM
S8,OFDM-QAM,256QAM,50,2.92256071356476,RL_Adaptive_Policy,-12.9952535584456,-12.7445725387824,-11.2641468480764,22.3994483162836,23.0553316049937,27.3396315634059,-31.116396718866,-29.7638937673269,-25.2086557488962,0,14.5407678,"Online NN-DPD adaptation",50,416,256,256QAM
