Scenario,Waveform,Modulation,Bandwidth_MHz,IBO_dB,Method,NMSE_dB_before,NMSE_dB_during,NMSE_dB_after,EVM_percent_before,EVM_percent_during,EVM_percent_after,ACPR_dBc_before,ACPR_dBc_during,ACPR_dBc_after,NumAdaptations,Runtime_s,Comments,Seed
S0,OFDM-QAM,64QAM,40,2.92256071356476,No_DPD,-5.53038399724699,-5.33723235534522,-5.68290862336532,52.9030608610798,54.0926654662611,51.9821895853261,-22.4624629442869,-21.8696900466879,-24.2391079411868,0,3.081072719,"Calibration nominale et référence de performance",1
S0,OFDM-QAM,64QAM,40,2.92256071356476,MP_DPD,-19.9796095139285,-19.679329337296,-19.8120030423451,10.0235029909628,10.3760852948582,10.2187987896174,-34.3068105359807,-34.0805469009739,-34.7312281872315,0,3.222447192,"Static MP-DPD baseline",1
S0,OFDM-QAM,64QAM,40,2.92256071356476,GMP_DPD,-19.1548669603125,-19.0741808938236,-19.0672370476445,11.0219047094029,11.1247678078343,11.1336649462646,-34.4388339929845,-34.5729023592943,-34.6928769440249,0,3.265881623,"Static GMP-DPD baseline",1
S0,OFDM-QAM,64QAM,40,2.92256071356476,NN_DPD_Static,-21.1224981295551,-20.8307251277457,-21.8347220838718,8.78769739456325,9.08790426968517,8.09587689674996,-33.1143102960809,-32.4799433181133,-33.2102249570961,0,361.354808337,"Offline NN-DPD with fixed weights",1
S0,OFDM-QAM,64QAM,40,2.92256071356476,NN_DPD_Adaptive,-21.0355070080801,-20.7779483156722,-21.7983029919269,8.87615034206377,9.14329188645326,8.12989338663879,-32.8086585395281,-32.3348960395286,-33.0897554355968,2,365.201657104,"Online NN-DPD adaptation",1
S1,OFDM-QAM,64QAM,40,2.92256071356476,No_DPD,-4.95886570391009,-2.92475776100683,-1.50570072574215,56.5010755124018,71.4105062538079,84.0843098107161,-20.5319395645356,-16.2449464245908,-14.6807119110491,0,3.273157454,"Dérive thermique graduelle du PA",1
S1,OFDM-QAM,64QAM,40,2.92256071356476,MP_DPD,-19.2323570625077,-17.3360174686969,-15.4941613429867,10.9240114550564,13.5893638406219,16.7993288994127,-34.1540894050209,-31.028810685333,-27.2610651824323,0,3.305358846,"Static MP-DPD baseline",1
S1,OFDM-QAM,64QAM,40,2.92256071356476,GMP_DPD,-18.5112460952386,-17.2797067614727,-15.367723693553,11.8696440452191,13.6777500135602,17.0456597547808,-34.2589534288552,-33.1073467029056,-27.2259175949075,0,3.31822808,"Static GMP-DPD baseline",1
S1,OFDM-QAM,64QAM,40,2.92256071356476,NN_DPD_Static,-20.6613341363265,-19.4913784701696,-18.1092758780771,9.26687474992609,10.6030565213353,12.4318627300196,-32.7813351325588,-29.9131309035216,-29.2097529561766,0,363.961825742,"Offline NN-DPD with fixed weights",1
S1,OFDM-QAM,64QAM,40,2.92256071356476,NN_DPD_Adaptive,-20.5805923551786,-19.4476741767084,-17.487679404246,9.35341884078276,10.6565417600732,13.3541432249369,-32.5026799497163,-29.7980058551799,-28.5429042290466,3,369.300959916,"Online NN-DPD adaptation",1
S2,OFDM-QAM,64QAM,40,2.92256071356476,No_DPD,-5.53038399724699,-1.33521393968372,-0.68834790291487,52.9030608610798,85.7510216545982,92.3809884697508,-22.4624629442869,-12.7983816683879,-13.5174316301008,0,3.192883472,"Rupture brutale de puissance ou changement d IBO",1
S2,OFDM-QAM,64QAM,40,2.92256071356476,MP_DPD,-19.9796095139285,-12.1809345522611,-14.452609783133,10.0235029909628,24.6010289684534,18.9395436680743,-34.3068105359807,-26.7371655653527,-26.0843878731386,0,3.22505938,"Static MP-DPD baseline",1
S2,OFDM-QAM,64QAM,40,2.92256071356476,GMP_DPD,-19.1548669603125,-12.4392013405675,-14.3838163160337,11.0219047094029,23.8803085002282,19.0901431138232,-34.4388339929845,-30.2032143677736,-26.0692040157893,0,3.237196308,"Static GMP-DPD baseline",1
S2,OFDM-QAM,64QAM,40,2.92256071356476,NN_DPD_Static,-21.1224981295551,-12.730632913316,-16.685484020675,8.78769739456325,23.0923618604875,14.6462282828207,-33.1143102960809,-25.4031834183079,-27.7825403037908,0,365.088432024,"Offline NN-DPD with fixed weights",1
S2,OFDM-QAM,64QAM,40,2.92256071356476,NN_DPD_Adaptive,-21.0355070080801,-12.7402447934213,-16.9842363721679,8.87615034206377,23.0668217884741,14.1510342270056,-32.8086585395281,-25.6029112680482,-28.0019203378502,7,376.236616041,"Online NN-DPD adaptation",1
S3,OFDM-QAM,64QAM,40,2.92256071356476,No_DPD,-5.38869489761952,-5.18064897264433,-5.54041996890187,53.7731224107209,55.0766543939902,52.841970169152,-22.9727322202619,-21.3080089889961,-24.7173752917538,0,2.988875147,"Variation des effets mémoire du PA",1
S3,OFDM-QAM,64QAM,40,2.92256071356476,MP_DPD,-16.3136567616585,-15.833258941006,-16.2357818934728,15.2868203541686,16.156119356658,15.4244932684754,-34.9519502773957,-33.3786945273007,-35.3532296867356,0,3.021204917,"Static MP-DPD baseline",1
S3,OFDM-QAM,64QAM,40,2.92256071356476,GMP_DPD,-15.8997476868125,-15.6249547269872,-15.8600036549966,16.0329196344738,16.5482572528314,16.1064495742352,-35.1063418291873,-33.8195836667361,-35.3204684818253,0,3.03445843,"Static GMP-DPD baseline",1
S3,OFDM-QAM,64QAM,40,2.92256071356476,NN_DPD_Static,-16.8975217819655,-16.0974138954365,-17.1499132836878,14.2930170212053,15.6721761821113,13.8836717074067,-33.8121060206915,-31.7126459742389,-33.8296025411566,0,363.39582708,"Offline NN-DPD with fixed weights",1
S3,OFDM-QAM,64QAM,40,2.92256071356476,NN_DPD_Adaptive,-16.8637411118694,-16.0806330135461,-17.1322120470065,14.3487128479125,15.702483630101,13.9119945112107,-33.36292254497,-31.6024938661895,-33.7174711308078,0,364.300402918,"Online NN-DPD adaptation",1
S4,OFDM-QAM,64QAM,40,2.92256071356476,No_DPD,-5.05464781702717,-3.234985675281,-1.9721754501283,55.881442611574,68.9049966969299,79.6876881442929,-20.6347225522567,-16.5420334434894,-15.1413360845899,0,3.618657055,"Vieillissement lent du PA",1
S4,OFDM-QAM,64QAM,40,2.92256071356476,MP_DPD,-19.6187469402943,-18.1540542752681,-16.6990327016687,10.4487094543276,12.3679376229058,14.6234001791403,-34.1018168803789,-31.2408198636294,-27.9190679077127,0,3.653807879,"Static MP-DPD baseline",1
S4,OFDM-QAM,64QAM,40,2.92256071356476,GMP_DPD,-18.865701775309,-18.0898831664905,-16.5498758075521,11.3950152631062,12.4596499657697,14.8766864488738,-34.2120012204819,-33.1327397746269,-27.871956193773,0,3.666099682,"Static GMP-DPD baseline",1
S4,OFDM-QAM,64QAM,40,2.92256071356476,NN_DPD_Static,-20.8602794840342,-19.9548338410222,-19.0715531013663,9.05703457800693,10.0521348940328,11.1281339573827,-32.7467923252617,-30.080688433072,-29.5978405584824,0,362.278223576,"Offline NN-DPD with fixed weights",1
S4,OFDM-QAM,64QAM,40,2.92256071356476,NN_DPD_Adaptive,-20.7765845316696,-19.9073091015896,-18.3869143320094,9.14472760054835,10.1072857688356,12.0407706298745,-32.4721372453763,-29.9626821005623,-28.8669318460399,2,365.959581137,"Online NN-DPD adaptation",1
S5,OFDM-QAM,64QAM,40,2.92256071356476,No_DPD,-4.66647229511136,-4.6182905090825,-4.5246968389669,58.4354489825663,58.7604989107114,59.3970885823342,-20.9508151287658,-20.0442986435469,-23.8052866827783,0,3.278487729,"Variation de charge, désadaptation ou effet VSWR",1
S5,OFDM-QAM,64QAM,40,2.92256071356476,MP_DPD,-11.2126232881985,-11.2493150279025,-11.1103599983244,27.5022886308558,27.3863559544757,27.8280003458949,-33.9262331139973,-33.7951209590312,-33.4382779392274,0,3.311729774,"Static MP-DPD baseline",1
S5,OFDM-QAM,64QAM,40,2.92256071356476,GMP_DPD,-11.1067094850117,-11.1677140048161,-11.0147859268518,27.8396983803373,27.6448539430783,28.1358929970802,-34.0683732145459,-34.2759215342301,-33.3558593695717,0,3.322791986,"Static GMP-DPD baseline",1
S5,OFDM-QAM,64QAM,40,2.92256071356476,NN_DPD_Static,-11.3209111793445,-11.3676096925505,-11.3969560509162,27.161543200735,27.0159046837423,26.9247821110797,-32.6243633783458,-31.9184603178313,-33.1417422425647,0,369.647127435,"Offline NN-DPD with fixed weights",1
S5,OFDM-QAM,64QAM,40,2.92256071356476,NN_DPD_Adaptive,-11.312917909548,-11.3780219892744,-11.3082821445706,27.1865503653574,26.9835385024138,27.2010640307699,-32.344646521669,-31.8003335682759,-33.0648073978543,2,372.989802378,"Online NN-DPD adaptation",1
S6,OFDM-QAM,64QAM,40,2.92256071356476,No_DPD,-5.1236963584785,-2.63823866788402,-0.886007534747412,55.4389737210407,73.8053878151202,90.3024686980973,-20.9286846974402,-17.0585771768048,-12.7623586526609,0,3.599316049,"Dérive combinée thermique + puissance + mémoire + charge",1
S6,OFDM-QAM,64QAM,40,2.92256071356476,MP_DPD,-13.955766394508,-13.4375199017319,-12.1604279182253,20.0544926891403,21.2874678425381,24.6591784856399,-33.7960338588758,-29.9931002988746,-25.5539018593766,0,3.630682349,"Static MP-DPD baseline",1
S6,OFDM-QAM,64QAM,40,2.92256071356476,GMP_DPD,-13.7778531240826,-13.5385116841917,-12.1729000150621,20.4695051532743,21.0413895033116,24.6237957012351,-33.9595414602018,-33.1714613154379,-25.5408469596205,0,3.642046691,"Static GMP-DPD baseline",1
S6,OFDM-QAM,64QAM,40,2.92256071356476,NN_DPD_Static,-13.9073398976472,-14.5486065702822,-12.7686250910538,20.1666148997712,18.7313755611764,22.9915761927588,-32.5953499660646,-30.2634136778849,-27.1070989401001,0,380.605335393,"Offline NN-DPD with fixed weights",1
S6,OFDM-QAM,64QAM,40,2.92256071356476,NN_DPD_Adaptive,-13.8922578054452,-14.5347665412238,-12.7627085212456,20.2016624281818,18.7612457806174,23.0072427061459,-32.3123264635909,-30.1627816694764,-27.0863026072386,2,384.259584628,"Online NN-DPD adaptation",1
S7,5GNR,256QAM,50,2.92256071356476,No_DPD,-4.13020895766456,-2.15480300232804,-0.376196766573427,62.1569294393013,78.0296843134545,95.7613283345868,-19.4915466625224,-14.2797380612832,-11.9341106505293,0,14.631962948,"Stress test 5G NR avec variation de bande, modulation et numérologie",1
S7,5GNR,256QAM,50,2.92256071356476,MP_DPD,-13.7554798457708,-13.4193218087792,-11.9682667280229,20.5222988549396,21.3321146704847,25.2108021178723,-34.8277295622026,-31.1393287263288,-27.1130442684506,0,14.672695659,"Static MP-DPD baseline",1
S7,5GNR,256QAM,50,2.92256071356476,GMP_DPD,-13.7105038621485,-13.4006288304763,-11.9731832447177,20.6288399743755,21.3780731352527,25.1965359619041,-35.1458252575543,-31.4224250214418,-27.1808273272789,0,14.687699287,"Static GMP-DPD baseline",1
S7,5GNR,256QAM,50,2.92256071356476,NN_DPD_Static,-13.6664888822761,-13.3816535777281,-10.3570137671481,20.7336401104851,21.4248268678432,30.349344236884,-29.9015151635885,-25.8714020121992,-20.9851485779916,0,445.026821338,"Offline NN-DPD with fixed weights",1
S7,5GNR,256QAM,50,2.92256071356476,NN_DPD_Adaptive,-13.657067283242,-13.3703056471568,-10.3525318225282,20.7561421264101,21.452836242536,30.3650086289313,-29.8317214696816,-25.8198591547556,-20.9756621648879,7,456.980827834,"Online NN-DPD adaptation",1
S8,OFDM-QAM,64QAM,40,2.92256071356476,No_DPD,-5.1236963584785,-2.63823866788402,-0.886007534747412,55.4389737210407,73.8053878151202,90.3024686980973,-20.9286846974402,-17.0585771768048,-12.7623586526609,0,3.379771562,"Optimisation de la politique d adaptation par RL ou heuristique",1
S8,OFDM-QAM,64QAM,40,2.92256071356476,MP_DPD,-13.955766394508,-13.4375199017319,-12.1604279182253,20.0544926891403,21.2874678425381,24.6591784856399,-33.7960338588758,-29.9931002988746,-25.5539018593766,0,3.417707156,"Static MP-DPD baseline",1
S8,OFDM-QAM,64QAM,40,2.92256071356476,GMP_DPD,-13.7778531240826,-13.5385116841917,-12.1729000150621,20.4695051532743,21.0413895033116,24.6237957012351,-33.9595414602018,-33.1714613154379,-25.5408469596205,0,3.430374386,"Static GMP-DPD baseline",1
S8,OFDM-QAM,64QAM,40,2.92256071356476,NN_DPD_Static,-13.9073398976472,-14.5486065702822,-12.7686250910538,20.1666148997712,18.7313755611764,22.9915761927588,-32.5953499660646,-30.2634136778849,-27.1070989401001,0,371.920517701,"Offline NN-DPD with fixed weights",1
S8,OFDM-QAM,64QAM,40,2.92256071356476,RL_Adaptive_Policy,-13.6250818016751,-14.6350116562285,-12.8576740962573,20.8327167913267,18.5459642032643,22.7570673694702,-32.3351449449649,-30.534470010468,-27.4839180086432,5,378.925403189,"Online NN-DPD adaptation",1
S0,OFDM-QAM,64QAM,40,2.92256071356476,No_DPD,-5.58486295949081,-5.34204158009163,-5.07630562338759,52.5722848107077,54.06272359606,55.7422787612992,-24.1723551622976,-23.2866010512266,-21.893596599845,0,2.913387956,"Calibration nominale et référence de performance",2
S0,OFDM-QAM,64QAM,40,2.92256071356476,MP_DPD,-20.0436071760307,-19.9685519782914,-19.7221868748568,9.94992119780206,10.0362714954305,10.325014167733,-35.5053941491711,-35.1574787675364,-34.6989446986679,0,2.949671178,"Static MP-DPD baseline",2
S0,OFDM-QAM,64QAM,40,2.92256071356476,GMP_DPD,-19.8803173178945,-19.883699587094,-19.738026303648,10.1387434562187,10.1347962170301,10.3062028187871,-35.408396093693,-35.0623429016984,-35.1351356771823,0,2.960901765,"Static GMP-DPD baseline",2
S0,OFDM-QAM,64QAM,40,2.92256071356476,NN_DPD_Static,-21.8745554829887,-21.4106468352875,-21.4837698695119,8.05883429331661,8.50095384512075,8.42968811121082,-33.0550148167807,-32.7745192292242,-32.4644739930258,0,285.854049541,"Offline NN-DPD with fixed weights",2
S0,OFDM-QAM,64QAM,40,2.92256071356476,NN_DPD_Adaptive,-21.8083820209994,-21.3584089884679,-21.3872130850035,8.1204650020355,8.55223351485993,8.5239196211125,-32.9112949085202,-32.6668344875155,-32.2955277393611,2,288.658106245,"Online NN-DPD adaptation",2
S1,OFDM-QAM,64QAM,40,2.92256071356476,No_DPD,-5.00109281029303,-2.83568218283147,-0.746569552716076,56.2270578985059,72.1466035923871,91.7638280334744,-22.2138423429774,-17.569208465612,-13.2987196564273,0,3.253642645,"Dérive thermique graduelle du PA",2
S1,OFDM-QAM,64QAM,40,2.92256071356476,MP_DPD,-19.2292940938533,-17.9112556382952,-15.7364111254366,10.9278643482384,12.7185387670755,16.3372683898864,-35.3088669009251,-34.4199674079412,-27.2368394431573,0,3.286155117,"Static MP-DPD baseline",2
S1,OFDM-QAM,64QAM,40,2.92256071356476,GMP_DPD,-19.1307423187285,-17.986548342982,-16.2633223352349,11.0525600729223,12.608765939397,15.3756641176656,-35.2359252371889,-34.4773596945433,-30.1401387538553,0,3.297094755,"Static GMP-DPD baseline",2
S1,OFDM-QAM,64QAM,40,2.92256071356476,NN_DPD_Static,-21.2415225070399,-19.7485338524544,-17.6453759864005,8.66809923576381,10.2937426727754,13.1138798608177,-32.8066480305608,-30.9199386845579,-28.7784903714059,0,284.685476272,"Offline NN-DPD with fixed weights",2
S1,OFDM-QAM,64QAM,40,2.92256071356476,NN_DPD_Adaptive,-21.1811616017973,-19.7210834837595,-17.5515337055901,8.72854629936498,10.3263258643845,13.2563302426243,-32.6668026671892,-30.8154009096192,-28.6272260006946,6,293.780780052,"Online NN-DPD adaptation",2
S2,OFDM-QAM,64QAM,40,2.92256071356476,No_DPD,-5.58486295949081,-1.25629645132286,-0.329738181958263,52.5722848107077,86.5336808316835,96.2749032599167,-24.1723551622976,-13.8038556356513,-12.7034045690364,0,3.10571388,"Rupture brutale de puissance ou changement d IBO",2
S2,OFDM-QAM,64QAM,40,2.92256071356476,MP_DPD,-20.0436071760307,-12.5865848088971,-14.560418118979,9.94992119780206,23.4785222950067,18.705920921481,-35.5053941491711,-31.0494690697929,-25.3518564788125,0,3.139944623,"Static MP-DPD baseline",2
S2,OFDM-QAM,64QAM,40,2.92256071356476,GMP_DPD,-19.8803173178945,-12.6937265097696,-15.2111806637648,10.1387434562187,23.1906902124723,17.3556533328226,-35.408396093693,-31.7322042198533,-28.5211416341069,0,3.151178819,"Static GMP-DPD baseline",2
S2,OFDM-QAM,64QAM,40,2.92256071356476,NN_DPD_Static,-21.8745554829887,-12.8547163469521,-16.1197120665844,8.05883429331661,22.7648180046467,15.6319946115566,-33.0550148167807,-26.6452333439968,-27.4641479082553,0,282.772778175,"Offline NN-DPD with fixed weights",2
S2,OFDM-QAM,64QAM,40,2.92256071356476,NN_DPD_Adaptive,-21.8083820209994,-12.8474320309334,-16.1025399476146,8.1204650020355,22.783917450857,15.6629298417528,-32.9112949085202,-26.6099192901896,-27.4061917037218,6,292.337400152,"Online NN-DPD adaptation",2
S3,OFDM-QAM,64QAM,40,2.92256071356476,No_DPD,-5.43169455117931,-5.16766849944728,-4.99127538489004,53.5075754367131,55.1590242527698,56.2906457456046,-24.6573047219455,-22.7935330075724,-22.2273266661502,0,2.984883588,"Variation des effets mémoire du PA",2
S3,OFDM-QAM,64QAM,40,2.92256071356476,MP_DPD,-16.2802285769455,-15.9703999768703,-16.1504485891209,15.3457659851379,15.9030345019079,15.5767758535643,-36.2278281397582,-34.36908686485,-35.3397095453737,0,3.018818595,"Static MP-DPD baseline",2
S3,OFDM-QAM,64QAM,40,2.92256071356476,GMP_DPD,-16.1581977919966,-15.9781437682557,-16.113338033503,15.5628850752981,15.8888626776355,15.6434701682643,-36.1429723875374,-34.271023443375,-35.8062536105437,0,3.029961228,"Static GMP-DPD baseline",2
S3,OFDM-QAM,64QAM,40,2.92256071356476,NN_DPD_Static,-17.1280780953092,-16.3365806517178,-17.0184929967015,13.91861734478,15.2465284121141,14.0953333147572,-33.7047855087553,-32.0212007142334,-33.1095990832697,0,286.970379233,"Offline NN-DPD with fixed weights",2
S3,OFDM-QAM,64QAM,40,2.92256071356476,NN_DPD_Adaptive,-17.1049364518764,-16.3213560419453,-16.9985512713484,13.9557498846027,15.2732759308978,14.1277316289174,-33.5093504683759,-31.946503070823,-32.902094266352,0,287.875736527,"Online NN-DPD adaptation",2
S4,OFDM-QAM,64QAM,40,2.92256071356476,No_DPD,-5.09993209702127,-3.15164967328386,-1.06742507005845,55.5908603135258,69.569281223893,88.4359298450652,-22.3203094865508,-17.8774340021406,-13.5068997545746,0,3.342529657,"Vieillissement lent du PA",2
S4,OFDM-QAM,64QAM,40,2.92256071356476,MP_DPD,-19.6381457646577,-18.7819241104797,-16.9314551482185,10.4253996366488,11.5054549025875,14.2372870921025,-35.2612619571351,-34.3836007345719,-27.9034566505882,0,3.377070067,"Static MP-DPD baseline",2
S4,OFDM-QAM,64QAM,40,2.92256071356476,GMP_DPD,-19.5238861024021,-18.8452428053043,-17.4854380081656,10.563447905116,11.4218870127422,13.3575897097337,-35.1847760568259,-34.4021622020848,-30.6409677817466,0,3.388370154,"Static GMP-DPD baseline",2
S4,OFDM-QAM,64QAM,40,2.92256071356476,NN_DPD_Static,-21.4719871361091,-20.1859730731525,-18.4961133275562,8.44113105731937,9.78816645728523,11.8903416517812,-32.7615862931844,-31.0135605777114,-29.1409252976023,0,288.84655154,"Offline NN-DPD with fixed weights",2
S4,OFDM-QAM,64QAM,40,2.92256071356476,NN_DPD_Adaptive,-21.4089488950705,-20.15367232353,-18.3503779880705,8.50261579604558,9.82463407636382,12.0915256251998,-32.6247310748911,-30.9052919764783,-28.9523569882471,5,296.629649248,"Online NN-DPD adaptation",2
S5,OFDM-QAM,64QAM,40,2.92256071356476,No_DPD,-4.7343030879412,-4.37373011166591,-3.70953012509543,57.9808857494912,60.4384745613073,65.2414333276123,-22.7999395059196,-21.3337511099745,-20.2050272809801,0,3.146980745,"Variation de charge, désadaptation ou effet VSWR",2
S5,OFDM-QAM,64QAM,40,2.92256071356476,MP_DPD,-11.2152609414934,-11.3067328211697,-11.2131043294168,27.4939382497223,27.2059163839094,27.5007655435679,-35.3528554528172,-34.8835251143465,-34.9750346707259,0,3.182296169,"Static MP-DPD baseline",2
S5,OFDM-QAM,64QAM,40,2.92256071356476,GMP_DPD,-11.1957885870984,-11.2975491043795,-11.212727943195,27.5556443372475,27.2346968052404,27.5019572618539,-35.2337453532565,-34.7677364650934,-34.9119704053543,0,3.193365651,"Static GMP-DPD baseline",2
S5,OFDM-QAM,64QAM,40,2.92256071356476,NN_DPD_Static,-11.3917364963808,-11.4636373572015,-11.3482226642717,26.9409667056804,26.7188727820752,27.0762719095306,-32.8065593042101,-32.5669939730297,-32.2828502106235,0,284.11157981,"Offline NN-DPD with fixed weights",2
S5,OFDM-QAM,64QAM,40,2.92256071356476,NN_DPD_Adaptive,-11.385784571139,-11.460813731817,-11.6164939001497,26.9594340795933,26.7275600155838,26.2527803525491,-32.6633566484435,-32.4651284421591,-32.1515315492089,1,286.177979913,"Online NN-DPD adaptation",2
S6,OFDM-QAM,64QAM,40,2.92256071356476,No_DPD,-5.14322410005211,-2.25622167947505,-0.427419968297664,55.3144750280621,77.1238881339156,95.1982580290361,-22.5366760140617,-18.3208345563135,-12.0827503251281,0,3.487548212,"Dérive combinée thermique + puissance + mémoire + charge",2
S6,OFDM-QAM,64QAM,40,2.92256071356476,MP_DPD,-13.9202144254509,-13.781037502031,-12.2411542826033,20.1367453838567,20.4620020998703,24.4310586263911,-35.135700518089,-34.9275551103493,-24.4044583128703,0,3.522814154,"Static MP-DPD baseline",2
S6,OFDM-QAM,64QAM,40,2.92256071356476,GMP_DPD,-13.8691215790023,-13.8405502931393,-12.5864602619866,20.2555444474738,20.3222825536377,23.4788589557867,-35.0594106734572,-35.1964323420839,-27.6089225594263,0,3.538236342,"Static GMP-DPD baseline",2
S6,OFDM-QAM,64QAM,40,2.92256071356476,NN_DPD_Static,-14.0019876456036,-14.5169297428109,-12.5706371243549,19.9480577904678,18.7998122840703,23.52166951729,-32.5397641423363,-31.1858185540991,-26.718015551661,0,272.829713319,"Offline NN-DPD with fixed weights",2
S6,OFDM-QAM,64QAM,40,2.92256071356476,NN_DPD_Adaptive,-13.990194555625,-14.5090338785146,-12.562797652589,19.9751602549208,18.8169099289742,23.5429086431591,-32.4092225703987,-31.111302053162,-26.680942449068,6,282.09546022,"Online NN-DPD adaptation",2
S7,5GNR,256QAM,50,2.92256071356476,No_DPD,-4.13020895766456,-2.15480300232804,-0.376196766573427,62.1569294393013,78.0296843134545,95.7613283345868,-19.4915466625224,-14.2797380612832,-11.9341106505293,0,4.914386876,"Stress test 5G NR avec variation de bande, modulation et numérologie",2
S7,5GNR,256QAM,50,2.92256071356476,MP_DPD,-13.7554798457708,-13.4193218087792,-11.9682667280229,20.5222988549396,21.3321146704847,25.2108021178723,-34.8277295622026,-31.1393287263288,-27.1130442684506,0,4.95218161,"Static MP-DPD baseline",2
S7,5GNR,256QAM,50,2.92256071356476,GMP_DPD,-13.7105038621485,-13.4006288304763,-11.9731832447177,20.6288399743755,21.3780731352527,25.1965359619041,-35.1458252575543,-31.4224250214418,-27.1808273272789,0,4.967277297,"Static GMP-DPD baseline",2
S7,5GNR,256QAM,50,2.92256071356476,NN_DPD_Static,-13.7690839275661,-13.6851776802579,-11.0703528038995,20.4901814181855,20.6890770014907,27.9564717153807,-30.6095630128953,-26.9437012203457,-22.8632852128299,0,394.465837081,"Offline NN-DPD with fixed weights",2
S7,5GNR,256QAM,50,2.92256071356476,NN_DPD_Adaptive,-13.7594433564407,-13.6731606890472,-11.0652556879624,20.5129363373115,20.7177202988722,27.9728821468173,-30.5314116222999,-26.8755659449269,-22.8500726957855,7,405.506912226,"Online NN-DPD adaptation",2
S8,OFDM-QAM,64QAM,40,2.92256071356476,No_DPD,-5.14322410005211,-2.25622167947505,-0.427419968297664,55.3144750280621,77.1238881339156,95.1982580290361,-22.5366760140617,-18.3208345563135,-12.0827503251281,0,3.119517486,"Optimisation de la politique d adaptation par RL ou heuristique",2
S8,OFDM-QAM,64QAM,40,2.92256071356476,MP_DPD,-13.9202144254509,-13.781037502031,-12.2411542826033,20.1367453838567,20.4620020998703,24.4310586263911,-35.135700518089,-34.9275551103493,-24.4044583128703,0,3.151892989,"Static MP-DPD baseline",2
S8,OFDM-QAM,64QAM,40,2.92256071356476,GMP_DPD,-13.8691215790023,-13.8405502931393,-12.5864602619866,20.2555444474738,20.3222825536377,23.4788589557867,-35.0594106734572,-35.1964323420839,-27.6089225594263,0,3.162335202,"Static GMP-DPD baseline",2
S8,OFDM-QAM,64QAM,40,2.92256071356476,NN_DPD_Static,-14.0019876456036,-14.5169297428109,-12.5706371243549,19.9480577904678,18.7998122840703,23.52166951729,-32.5397641423363,-31.1858185540991,-26.718015551661,0,274.417411105,"Offline NN-DPD with fixed weights",2
S8,OFDM-QAM,64QAM,40,2.92256071356476,RL_Adaptive_Policy,-13.7902103667424,-14.5563850902382,-12.621150868875,20.4404043003907,18.7146084638103,23.3852736635167,-32.3693401281688,-31.2576873775016,-26.9410416732513,6,280.891612303,"Online NN-DPD adaptation",2
S0,OFDM-QAM,64QAM,40,2.92256071356476,No_DPD,-5.27895799162922,-4.67302648517241,-5.38821339527824,54.4567978373831,58.3913714510223,53.7761034066913,-21.9385116532594,-21.1918108433124,-21.6882857525675,0,2.679222083,"Calibration nominale et référence de performance",3
S0,OFDM-QAM,64QAM,40,2.92256071356476,MP_DPD,-20.3334838239527,-20.1536546941159,-20.0024934168847,9.62333952977951,9.82465401706371,9.99712975971819,-35.680738669038,-34.9180814110359,-34.7861543588495,0,2.712069357,"Static MP-DPD baseline",3
S0,OFDM-QAM,64QAM,40,2.92256071356476,GMP_DPD,-20.4963430024016,-20.3495034087342,-20.0898191922996,9.4445843547522,9.60560734170289,9.89712465762517,-35.4186995008658,-34.6139619916757,-34.4435944708512,0,2.722508789,"Static GMP-DPD baseline",3
S0,OFDM-QAM,64QAM,40,2.92256071356476,NN_DPD_Static,-21.0630835876605,-20.9449847927782,-20.8975358404981,8.84801439691443,8.96913911933052,9.0182694677927,-32.4947011284771,-32.3537667488885,-32.2640548816334,0,378.768441241,"Offline NN-DPD with fixed weights",3
S0,OFDM-QAM,64QAM,40,2.92256071356476,NN_DPD_Adaptive,-20.9990953878506,-20.9029169913411,-20.8647621960493,8.91343764366348,9.01268412869184,9.05236152728399,-32.3410043689899,-32.1587416048201,-32.1166466839919,0,379.611055834,"Online NN-DPD adaptation",3
S1,OFDM-QAM,64QAM,40,2.92256071356476,No_DPD,-4.56630448711001,-1.9273705354327,-0.974634548004435,59.1132416249658,80.0998076589536,89.3857467301858,-19.9855898117512,-15.850494217521,-13.1051735038829,0,3.206765064,"Dérive thermique graduelle du PA",3
S1,OFDM-QAM,64QAM,40,2.92256071356476,MP_DPD,-19.515763018296,-18.0342999960906,-15.6917849461164,10.5733315112618,12.539638026892,16.421421655782,-35.4112418021,-33.7088071786296,-29.3648690768409,0,3.237638488,"Static MP-DPD baseline",3
S1,OFDM-QAM,64QAM,40,2.92256071356476,GMP_DPD,-19.699048014071,-18.2821615964364,-15.5629746045105,10.3525562595906,12.1868627527725,16.6667633815891,-35.1809481880447,-33.6035576311458,-28.5589793633921,0,3.247585851,"Static GMP-DPD baseline",3
S1,OFDM-QAM,64QAM,40,2.92256071356476,NN_DPD_Static,-20.5966366201358,-19.6622930385962,-17.271210255821,9.33615748692185,10.396456674823,13.6911360849106,-32.3751860002764,-31.301408817501,-27.2873830692363,0,377.766008061,"Offline NN-DPD with fixed weights",3
S1,OFDM-QAM,64QAM,40,2.92256071356476,NN_DPD_Adaptive,-20.5402865806264,-19.6313288209663,-17.2566496730331,9.39692306020084,10.433585010999,13.7141064555932,-32.223230324501,-31.1333777131208,-27.2301212527768,2,381.206814627,"Online NN-DPD adaptation",3
S2,OFDM-QAM,64QAM,40,2.92256071356476,No_DPD,-5.27895799162922,-0.630517062893568,-0.458353328279048,54.4567978373831,92.9981152197173,94.8598281600969,-21.9385116532594,-13.203091362444,-12.486502006714,0,2.83946773,"Rupture brutale de puissance ou changement d IBO",3
S2,OFDM-QAM,64QAM,40,2.92256071356476,MP_DPD,-20.3334838239527,-12.6273842111815,-14.5919942442007,9.62333952977951,23.3684974748209,18.6380420741593,-35.680738669038,-30.9849612713825,-28.3028657821944,0,2.870933394,"Static MP-DPD baseline",3
S2,OFDM-QAM,64QAM,40,2.92256071356476,GMP_DPD,-20.4963430024016,-12.7385396802827,-14.4573998125092,9.4445843547522,23.0713504439539,18.9291019097906,-35.4186995008658,-31.2067222221539,-27.5471443359485,0,2.881504835,"Static GMP-DPD baseline",3
S2,OFDM-QAM,64QAM,40,2.92256071356476,NN_DPD_Static,-21.0630835876605,-12.9906924749992,-16.0746303153392,8.84801439691443,22.4112136720754,15.7133391499972,-32.4947011284771,-28.2264322425458,-25.9160779932617,0,404.172531612,"Offline NN-DPD with fixed weights",3
S2,OFDM-QAM,64QAM,40,2.92256071356476,NN_DPD_Adaptive,-20.9990953878506,-12.9841634346911,-16.0641072181666,8.91343764366348,22.4280661456693,15.7323876534972,-32.3410043689899,-28.1338718712967,-25.8712461411114,6,413.484992109,"Online NN-DPD adaptation",3
S3,OFDM-QAM,64QAM,40,2.92256071356476,No_DPD,-5.14325453787397,-4.50073872267907,-5.26504912248141,55.3142811907861,59.5611485456962,54.544070330562,-22.4323920450558,-20.727641831059,-22.1096889257474,0,2.856126556,"Variation des effets mémoire du PA",3
S3,OFDM-QAM,64QAM,40,2.92256071356476,MP_DPD,-16.3638378188427,-16.101237345392,-16.2185591695018,15.1987583147465,15.6652789502509,15.4551079029702,-36.3415939973607,-34.1235773304001,-35.4432881747567,0,2.868495451,"Static MP-DPD baseline",3
S3,OFDM-QAM,64QAM,40,2.92256071356476,GMP_DPD,-16.4149085543601,-16.1933656629732,-16.2509616944268,15.1096558388703,15.5000006667278,15.3975603612256,-36.1025292230071,-33.8046260267939,-35.1180370422532,0,2.879105153,"Static GMP-DPD baseline",3
S3,OFDM-QAM,64QAM,40,2.92256071356476,NN_DPD_Static,-16.867273318476,-16.2190846468993,-16.7602050353446,14.342878982123,15.4541729308991,14.520773400751,-33.1889309367687,-31.5753953253489,-32.9159644349382,0,386.29658646,"Offline NN-DPD with fixed weights",3
S3,OFDM-QAM,64QAM,40,2.92256071356476,NN_DPD_Adaptive,-16.8444690239246,-16.2053239261001,-16.7465690458369,14.3805848465037,15.478675786878,14.5435874851572,-33.0189833230806,-31.4291762897239,-32.7168735880905,0,387.15894001,"Online NN-DPD adaptation",3
S4,OFDM-QAM,64QAM,40,2.92256071356476,No_DPD,-4.67080550689022,-2.20616685268457,-1.35847705218307,58.4063040088835,77.5696188299352,85.5216649875338,-20.0888719159212,-16.0823067444349,-13.315453736427,0,3.158860752,"Vieillissement lent du PA",3
S4,OFDM-QAM,64QAM,40,2.92256071356476,MP_DPD,-19.9342510174998,-18.9290825044566,-16.9214042364818,10.0759835343474,11.3121687411529,14.2537713610592,-35.3650713072821,-33.691873778292,-29.9055683967994,0,3.191018682,"Static MP-DPD baseline",3
S4,OFDM-QAM,64QAM,40,2.92256071356476,GMP_DPD,-20.107993241788,-19.1607103583986,-16.7556771064234,9.87643791230746,11.0144922599946,14.5283450109081,-35.1318800272154,-33.5583698678581,-29.144628932932,0,3.201172138,"Static GMP-DPD baseline",3
S4,OFDM-QAM,64QAM,40,2.92256071356476,NN_DPD_Static,-20.775595340307,-20.039636631781,-18.1005422262538,9.1457691059148,9.95447060323585,12.4443692399714,-32.3164540579173,-31.2822629391175,-27.7992191527342,0,378.793305627,"Offline NN-DPD with fixed weights",3
S4,OFDM-QAM,64QAM,40,2.92256071356476,NN_DPD_Adaptive,-20.7169788163889,-20.0061453001378,-17.9398927109895,9.20769784300106,9.9929274639735,12.6766752412199,-32.1686219858419,-31.1222151304858,-27.5271190890409,2,382.328499858,"Online NN-DPD adaptation",3
S5,OFDM-QAM,64QAM,40,2.92256071356476,No_DPD,-4.37159809078763,-4.25617438837429,-4.27643719403118,60.4533114877083,61.2620154620848,61.1192674460309,-20.4929168597658,-20.244501013991,-21.7963016252922,0,3.02509227,"Variation de charge, désadaptation ou effet VSWR",3
S5,OFDM-QAM,64QAM,40,2.92256071356476,MP_DPD,-11.2403107028946,-11.3000737186881,-11.1493940382295,27.4147610485227,27.2267820012638,27.7032230098503,-35.4571358543809,-34.5429565180135,-34.190421773242,0,3.057525642,"Static MP-DPD baseline",3
S5,OFDM-QAM,64QAM,40,2.92256071356476,GMP_DPD,-11.2598997631105,-11.326040500341,-11.1445941127831,27.3530029203256,27.1455080965609,27.7185363696467,-35.2493644794066,-34.2601514951043,-33.5783664086559,0,3.068253764,"Static GMP-DPD baseline",3
S5,OFDM-QAM,64QAM,40,2.92256071356476,NN_DPD_Static,-11.3109100709408,-11.4121724912061,-11.3181823652872,27.1928355609195,26.8776550235361,27.1700777836077,-32.2975535837832,-31.9940619414319,-32.1548107983024,0,388.15476333,"Offline NN-DPD with fixed weights",3
S5,OFDM-QAM,64QAM,40,2.92256071356476,NN_DPD_Adaptive,-11.3041823306086,-11.4084798303782,-11.3156950408328,27.2139061954663,26.8890840386665,27.1778594247506,-32.1524019599185,-31.808758026729,-32.0142661032365,0,389.141676189,"Online NN-DPD adaptation",3
S6,OFDM-QAM,64QAM,40,2.92256071356476,No_DPD,-4.79450535313327,-1.33286030158136,-0.581250577340908,57.5804072696067,85.7742609803944,93.5271005969521,-20.3788519764094,-16.0200962104555,-11.6635516499145,0,3.160987286,"Dérive combinée thermique + puissance + mémoire + charge",3
S6,OFDM-QAM,64QAM,40,2.92256071356476,MP_DPD,-13.9869552270758,-13.8479285579436,-12.3046251223287,19.9826112100769,20.3050270367643,24.2531830099069,-35.1372197686999,-34.1926369632535,-27.6715744922823,0,3.192584999,"Static MP-DPD baseline",3
S6,OFDM-QAM,64QAM,40,2.92256071356476,GMP_DPD,-13.9954607105447,-13.9666521538967,-12.1942522517645,19.963053215707,20.029374750887,24.5633381752874,-34.9123765360378,-34.1792582642878,-26.993406283606,0,3.208008777,"Static GMP-DPD baseline",3
S6,OFDM-QAM,64QAM,40,2.92256071356476,NN_DPD_Static,-13.911406261407,-14.606499195095,-12.5599428117578,20.1571759588197,18.6069435577946,23.5506478968503,-32.1071687306276,-31.9134574545659,-25.1788867807576,0,383.073757305,"Offline NN-DPD with fixed weights",3
S6,OFDM-QAM,64QAM,40,2.92256071356476,NN_DPD_Adaptive,-13.9007601086283,-14.5969210338191,-12.5009528080883,20.1818974267607,18.6274732460524,23.7111358951712,-31.9804775524198,-31.6946377372336,-24.9808710120977,3,387.246542207,"Online NN-DPD adaptation",3
S7,5GNR,256QAM,50,2.92256071356476,No_DPD,-4.13020895766456,-2.15480300232804,-0.376196766573427,62.1569294393013,78.0296843134545,95.7613283345868,-19.4915466625224,-14.2797380612832,-11.9341106505293,0,4.756793237,"Stress test 5G NR avec variation de bande, modulation et numérologie",3
S7,5GNR,256QAM,50,2.92256071356476,MP_DPD,-13.7554798457708,-13.4193218087792,-11.9682667280229,20.5222988549396,21.3321146704847,25.2108021178723,-34.8277295622026,-31.1393287263288,-27.1130442684506,0,4.806491469,"Static MP-DPD baseline",3
S7,5GNR,256QAM,50,2.92256071356476,GMP_DPD,-13.7105038621485,-13.4006288304763,-11.9731832447177,20.6288399743755,21.3780731352527,25.1965359619041,-35.1458252575543,-31.4224250214418,-27.1808273272789,0,4.822615028,"Static GMP-DPD baseline",3
S7,5GNR,256QAM,50,2.92256071356476,NN_DPD_Static,-13.8092285339448,-14.1653451970443,-11.6877463503145,20.3956980271101,19.576395937536,26.038303361819,-31.118198033533,-29.4189059953576,-24.6192628143245,0,501.140777677,"Offline NN-DPD with fixed weights",3
S7,5GNR,256QAM,50,2.92256071356476,NN_DPD_Adaptive,-13.7999481685769,-14.1515644702256,-11.6815870605571,20.4175012839549,19.6074798101504,26.0567740468391,-31.0344949178722,-29.307317762531,-24.5979644708126,5,509.347423978,"Online NN-DPD adaptation",3
S8,OFDM-QAM,64QAM,40,2.92256071356476,No_DPD,-4.79450535313327,-1.33286030158136,-0.581250577340908,57.5804072696067,85.7742609803944,93.5271005969521,-20.3788519764094,-16.0200962104555,-11.6635516499145,0,3.124663481,"Optimisation de la politique d adaptation par RL ou heuristique",3
S8,OFDM-QAM,64QAM,40,2.92256071356476,MP_DPD,-13.9869552270758,-13.8479285579436,-12.3046251223287,19.9826112100769,20.3050270367643,24.2531830099069,-35.1372197686999,-34.1926369632535,-27.6715744922823,0,3.160309093,"Static MP-DPD baseline",3
S8,OFDM-QAM,64QAM,40,2.92256071356476,GMP_DPD,-13.9954607105447,-13.9666521538967,-12.1942522517645,19.963053215707,20.029374750887,24.5633381752874,-34.9123765360378,-34.1792582642878,-26.993406283606,0,3.17116586,"Static GMP-DPD baseline",3
S8,OFDM-QAM,64QAM,40,2.92256071356476,NN_DPD_Static,-13.911406261407,-14.606499195095,-12.5599428117578,20.1571759588197,18.6069435577946,23.5506478968503,-32.1071687306276,-31.9134574545659,-25.1788867807576,0,381.651452952,"Offline NN-DPD with fixed weights",3
S8,OFDM-QAM,64QAM,40,2.92256071356476,RL_Adaptive_Policy,-13.8335467519148,-14.6510127918097,-12.6092191691234,20.3386752716433,18.5118303003939,23.41741980061,-31.9258812831095,-31.7356921652168,-25.316271266816,5,387.385130086,"Online NN-DPD adaptation",3
S0,OFDM-QAM,64QAM,40,2.92256071356476,No_DPD,-4.5722286466687,-5.54188307029644,-4.66328146366071,59.0729375349411,52.8330699122645,58.4569196584295,-20.0047663875229,-22.3760881096103,-20.9422236184753,0,2.681209875,"Calibration nominale et référence de performance",4
S0,OFDM-QAM,64QAM,40,2.92256071356476,MP_DPD,-19.8056821326677,-19.9941428522839,-20.1824132837422,10.2262379369115,10.0067455646188,9.79217882145874,-35.093930875617,-34.747715268485,-36.0631451597245,0,2.715355543,"Static MP-DPD baseline",4
S0,OFDM-QAM,64QAM,40,2.92256071356476,GMP_DPD,-19.5982020827453,-19.772180185608,-19.9498960500213,10.4734531863215,10.2657572559219,10.0578509984752,-35.0572087571084,-34.6457227409208,-36.0047325761717,0,2.72619299,"Static GMP-DPD baseline",4
S0,OFDM-QAM,64QAM,40,2.92256071356476,NN_DPD_Static,-20.5934800146028,-21.5553705696253,-21.8518756721772,9.33955102786229,8.36048499031093,8.07990428989137,-32.4094418112306,-32.9256573874354,-32.6888798064843,0,328.857004063,"Offline NN-DPD with fixed weights",4
S0,OFDM-QAM,64QAM,40,2.92256071356476,NN_DPD_Adaptive,-20.5624832408161,-21.5056128936862,-21.7906047788799,9.37294002200491,8.40851600788469,8.13710202002557,-32.2592969706742,-32.8009124159818,-32.4378772117986,0,329.724108848,"Online NN-DPD adaptation",4
S1,OFDM-QAM,64QAM,40,2.92256071356476,No_DPD,-3.77994619331998,-3.09972924289454,-0.590233253184788,64.7146624630224,69.9863811861603,93.4304277865466,-18.186791511951,-16.602381466686,-13.7770297700297,0,3.246882131,"Dérive thermique graduelle du PA",4
S1,OFDM-QAM,64QAM,40,2.92256071356476,MP_DPD,-19.0057721584491,-17.6374818865913,-16.7177183941116,11.2127307103123,13.1258037209822,14.5919751133423,-34.6778574878536,-30.4663366474011,-32.35604656394,0,3.280285984,"Static MP-DPD baseline",4
S1,OFDM-QAM,64QAM,40,2.92256071356476,GMP_DPD,-18.848616172419,-17.5398411700105,-16.6806593094796,11.4174519187497,13.2741873065793,14.6543660158337,-34.6637969554715,-30.3999606354474,-32.4109595912088,0,3.290488738,"Static GMP-DPD baseline",4
S1,OFDM-QAM,64QAM,40,2.92256071356476,NN_DPD_Static,-20.1561768431166,-19.7692253459599,-17.7013620565579,9.82180161563119,10.2692501424297,13.029624415602,-32.157019770229,-31.6901101090567,-27.7669020136506,0,327.053774669,"Offline NN-DPD with fixed weights",4
S1,OFDM-QAM,64QAM,40,2.92256071356476,NN_DPD_Adaptive,-20.1274368864087,-19.7366262925351,-17.6807472937797,9.85435391399873,10.3078641294847,13.060585160626,-32.0112682950236,-31.5869909846026,-27.653504852035,2,330.577413512,"Online NN-DPD adaptation",4
S2,OFDM-QAM,64QAM,40,2.92256071356476,No_DPD,-4.5722286466687,-1.23558874874397,-0.20076192855332,59.0729375349411,86.7402286369158,97.7151501206148,-20.0047663875229,-13.0064607152669,-13.425951819422,0,2.899245593,"Rupture brutale de puissance ou changement d IBO",4
S2,OFDM-QAM,64QAM,40,2.92256071356476,MP_DPD,-19.8056821326677,-12.1792511070169,-15.638602485727,10.2262379369115,24.6057974493521,16.5222761163694,-35.093930875617,-24.5313464117268,-31.3013323008065,0,2.931377806,"Static MP-DPD baseline",4
S2,OFDM-QAM,64QAM,40,2.92256071356476,GMP_DPD,-19.5982020827453,-12.1684990556276,-15.6442814628283,10.4734531863215,24.6362752271266,16.511477111933,-35.0572087571084,-24.5036627882281,-31.3870436126809,0,2.941460228,"Static GMP-DPD baseline",4
S2,OFDM-QAM,64QAM,40,2.92256071356476,NN_DPD_Static,-20.5934800146028,-12.9398498652271,-16.0222740120563,9.33955102786229,22.5427817679867,15.808341143186,-32.4094418112306,-28.3278072938299,-26.2619333543808,0,331.905317141,"Offline NN-DPD with fixed weights",4
S2,OFDM-QAM,64QAM,40,2.92256071356476,NN_DPD_Adaptive,-20.5624832408161,-12.9345256780886,-16.0092998445071,9.37294002200491,22.5566040459798,15.8319718052301,-32.2592969706742,-28.274314799765,-26.1725221806321,6,341.234054997,"Online NN-DPD adaptation",4
S3,OFDM-QAM,64QAM,40,2.92256071356476,No_DPD,-4.45375369957425,-5.37454321739334,-4.54636646012984,59.8842086706626,53.8608048846582,59.2490889821855,-20.5314397005919,-21.8852950501249,-21.4062258097744,0,2.776832386,"Variation des effets mémoire du PA",4
S3,OFDM-QAM,64QAM,40,2.92256071356476,MP_DPD,-16.1423981105626,-16.073575269702,-16.3421152816144,15.5912198122896,15.7152479120817,15.2368164520758,-35.7556237006686,-34.0080987190013,-36.7301825262242,0,2.812432151,"Static MP-DPD baseline",4
S3,OFDM-QAM,64QAM,40,2.92256071356476,GMP_DPD,-16.0197025664961,-16.013412504238,-16.2107928451676,15.8130218734468,15.8244773396878,15.468932975887,-35.7231736574848,-33.9004233469466,-36.6761168519844,0,2.822529516,"Static GMP-DPD baseline",4
S3,OFDM-QAM,64QAM,40,2.92256071356476,NN_DPD_Static,-16.70899693257,-16.3715492696859,-17.1428056253327,14.6066342062772,15.1852706387531,13.8950373573739,-33.0977072511946,-32.1387758695561,-33.3516235873937,0,332.178434928,"Offline NN-DPD with fixed weights",4
S3,OFDM-QAM,64QAM,40,2.92256071356476,NN_DPD_Adaptive,-16.6969278588055,-16.3574847093506,-17.1242347387586,14.6269442823383,15.2098791902706,13.9247774559782,-32.9003691326431,-32.0449102669556,-33.0401490913945,0,333.048192614,"Online NN-DPD adaptation",4
S4,OFDM-QAM,64QAM,40,2.92256071356476,No_DPD,-3.88005574924586,-3.42807871353246,-0.85862624666507,63.973072944151,67.3900943366627,90.5875862168274,-18.2768779140515,-16.9098584640616,-13.805705783645,0,3.052671903,"Vieillissement lent du PA",4
S4,OFDM-QAM,64QAM,40,2.92256071356476,MP_DPD,-19.3856178034756,-18.5064837905997,-18.0419110349778,10.732950090062,11.8761537249844,12.5286549412003,-34.6508326307012,-30.7793836941182,-32.5878340776842,0,3.084402655,"Static MP-DPD baseline",4
S4,OFDM-QAM,64QAM,40,2.92256071356476,GMP_DPD,-19.2067822429028,-18.3699231996141,-17.9583837805018,10.9562236223794,12.0643475541118,12.6497170410336,-34.6343959004665,-30.7092157427714,-32.629692296857,0,3.09462437,"Static GMP-DPD baseline",4
S4,OFDM-QAM,64QAM,40,2.92256071356476,NN_DPD_Static,-20.329446639127,-20.2296056960618,-18.6482053727991,9.62781347917582,9.73911995954739,11.6839511181915,-32.114176854386,-31.7076557894887,-28.2544713329879,0,327.974910105,"Offline NN-DPD with fixed weights",4
S4,OFDM-QAM,64QAM,40,2.92256071356476,NN_DPD_Adaptive,-20.299384421838,-20.1940050104467,-18.621480239183,9.6611934646091,9.77911941613557,11.7199561840172,-31.9720298066992,-31.6095996079117,-28.137881109279,1,329.996933417,"Online NN-DPD adaptation",4
S5,OFDM-QAM,64QAM,40,2.92256071356476,No_DPD,-3.73172570825322,-4.54870946619754,-3.36475687646949,65.0749307445627,59.2331087822197,67.8831764752509,-18.1983592665361,-19.8119726272652,-20.4104460588878,0,3.057066272,"Variation de charge, désadaptation ou effet VSWR",4
S5,OFDM-QAM,64QAM,40,2.92256071356476,MP_DPD,-11.1729823591224,-11.2612346814763,-11.2191300228862,27.6280912703905,27.3487994107559,27.4816939546088,-34.1753116100956,-32.2974069638071,-36.0077711356926,0,3.091166551,"Static MP-DPD baseline",4
S5,OFDM-QAM,64QAM,40,2.92256071356476,GMP_DPD,-11.146795173962,-11.2291007850941,-11.1906153103809,27.7115132013425,27.4501650918864,27.5720612432421,-34.1941066301668,-32.2164751945119,-35.9596523919517,0,3.101162754,"Static GMP-DPD baseline",4
S5,OFDM-QAM,64QAM,40,2.92256071356476,NN_DPD_Static,-11.2890435910916,-11.4949050068481,-11.3752458028605,27.261378992046,26.6228625309846,26.9921643667728,-32.0607342404315,-32.513750240253,-32.5053520659492,0,331.018177563,"Offline NN-DPD with fixed weights",4
S5,OFDM-QAM,64QAM,40,2.92256071356476,NN_DPD_Adaptive,-11.2855473208324,-11.4884546291086,-11.3687935553159,27.2723545326077,26.6426407353528,27.0122227414825,-31.922109780885,-32.4035930662464,-32.2508120363488,0,331.979047761,"Online NN-DPD adaptation",4
S6,OFDM-QAM,64QAM,40,2.92256071356476,No_DPD,-4.04612016733961,-2.45143032479775,-0.301314978622763,62.7615978293335,75.4099206426218,96.5904637193928,-18.545118837903,-17.0467053776876,-12.4640407949285,0,3.145958341,"Dérive combinée thermique + puissance + mémoire + charge",4
S6,OFDM-QAM,64QAM,40,2.92256071356476,MP_DPD,-13.8761309131178,-13.7670173723092,-12.7631665585817,20.2392052337109,20.495057041934,23.0060294857681,-34.5148907528291,-33.0533528131326,-30.4419048372084,0,3.180483316,"Static MP-DPD baseline",4
S6,OFDM-QAM,64QAM,40,2.92256071356476,GMP_DPD,-13.8068223148479,-13.7326437408714,-12.7552532811183,20.4013489527493,20.5763250967111,23.0269986733983,-34.4858432682665,-32.9739553329369,-30.5136909380904,0,3.190913444,"Static GMP-DPD baseline",4
S6,OFDM-QAM,64QAM,40,2.92256071356476,NN_DPD_Static,-13.8522563369905,-14.4795663093884,-12.5154081968691,20.2949124963254,18.8808561975814,23.6717077365893,-31.9342660179992,-32.1849454919751,-25.5040478063597,0,317.290040332,"Offline NN-DPD with fixed weights",4
S6,OFDM-QAM,64QAM,40,2.92256071356476,NN_DPD_Adaptive,-13.8455175362915,-14.4703071185703,-12.5100361899606,20.3106640707427,18.9009939924313,23.6863526278983,-31.8105863064314,-32.0492524821403,-25.4375937583761,4,323.743995754,"Online NN-DPD adaptation",4
S7,5GNR,256QAM,50,2.92256071356476,No_DPD,-4.13020895766456,-2.15480300232804,-0.376196766573427,62.1569294393013,78.0296843134545,95.7613283345868,-19.4915466625224,-14.2797380612832,-11.9341106505293,0,4.91672632,"Stress test 5G NR avec variation de bande, modulation et numérologie",4
S7,5GNR,256QAM,50,2.92256071356476,MP_DPD,-13.7554798457708,-13.4193218087792,-11.9682667280229,20.5222988549396,21.3321146704847,25.2108021178723,-34.8277295622026,-31.1393287263288,-27.1130442684506,0,4.959365833,"Static MP-DPD baseline",4
S7,5GNR,256QAM,50,2.92256071356476,GMP_DPD,-13.7105038621485,-13.4006288304763,-11.9731832447177,20.6288399743755,21.3780731352527,25.1965359619041,-35.1458252575543,-31.4224250214418,-27.1808273272789,0,4.973907437,"Static GMP-DPD baseline",4
S7,5GNR,256QAM,50,2.92256071356476,NN_DPD_Static,-13.675276430752,-13.9212416129162,-11.1764799056822,20.7126744131221,20.1343641666976,27.6169685084045,-30.513248087823,-28.2245431718582,-23.4861574569075,0,448.927579454,"Offline NN-DPD with fixed weights",4
S7,5GNR,256QAM,50,2.92256071356476,NN_DPD_Adaptive,-13.6660385157761,-13.9087706015994,-11.1708420469934,20.734715185049,20.163293411617,27.6349000173854,-30.4385045173983,-28.1381956178434,-23.4711066912725,7,460.333879846,"Online NN-DPD adaptation",4
S8,OFDM-QAM,64QAM,40,2.92256071356476,No_DPD,-4.04612016733961,-2.45143032479775,-0.301314978622763,62.7615978293335,75.4099206426218,96.5904637193928,-18.545118837903,-17.0467053776876,-12.4640407949285,0,3.423539202,"Optimisation de la politique d adaptation par RL ou heuristique",4
S8,OFDM-QAM,64QAM,40,2.92256071356476,MP_DPD,-13.8761309131178,-13.7670173723092,-12.7631665585817,20.2392052337109,20.495057041934,23.0060294857681,-34.5148907528291,-33.0533528131326,-30.4419048372084,0,3.464796513,"Static MP-DPD baseline",4
S8,OFDM-QAM,64QAM,40,2.92256071356476,GMP_DPD,-13.8068223148479,-13.7326437408714,-12.7552532811183,20.4013489527493,20.5763250967111,23.0269986733983,-34.4858432682665,-32.9739553329369,-30.5136909380904,0,3.475816028,"Static GMP-DPD baseline",4
S8,OFDM-QAM,64QAM,40,2.92256071356476,NN_DPD_Static,-13.8522563369905,-14.4795663093884,-12.5154081968691,20.2949124963254,18.8808561975814,23.6717077365893,-31.9342660179992,-32.1849454919751,-25.5040478063597,0,338.699873343,"Offline NN-DPD with fixed weights",4
S8,OFDM-QAM,64QAM,40,2.92256071356476,RL_Adaptive_Policy,-13.6944727951519,-14.4935915251791,-12.5563404614248,20.6669486422064,18.850393641176,23.5604172219141,-31.7870985599314,-32.1376997570656,-25.5996376905582,5,344.637438887,"Online NN-DPD adaptation",4
S0,OFDM-QAM,64QAM,40,2.92256071356476,No_DPD,-5.07219291991033,-4.93852307054285,-5.1007888056312,55.7686785610016,56.6335579300457,55.5853775337487,-22.5305802516075,-20.5645083919883,-21.973401143509,0,3.021214598,"Calibration nominale et référence de performance",5
S0,OFDM-QAM,64QAM,40,2.92256071356476,MP_DPD,-20.2981878954012,-20.2900893792484,-20.3858002217774,9.66252443588853,9.67153774425688,9.56555094193123,-35.1226606596607,-33.75792108244,-35.774416987258,0,3.05797201,"Static MP-DPD baseline",5
S0,OFDM-QAM,64QAM,40,2.92256071356476,GMP_DPD,-20.0458838056125,-20.022030737761,-20.16249356561,9.94731359887082,9.97466831482276,9.81466140965425,-35.1525036926069,-33.7274646024555,-35.851143182581,0,3.068640279,"Static GMP-DPD baseline",5
S0,OFDM-QAM,64QAM,40,2.92256071356476,NN_DPD_Static,-21.5668291053625,-20.8953475330148,-21.321890558923,8.34946300428117,9.02054180068691,8.58826570137372,-33.0835187481345,-32.697025214336,-33.2635581256197,0,373.554024692,"Offline NN-DPD with fixed weights",5
S0,OFDM-QAM,64QAM,40,2.92256071356476,NN_DPD_Adaptive,-21.5125616600406,-20.8512394500902,-21.2236621840926,8.40179183222946,9.06646579637406,8.68594131483579,-32.9328765947527,-32.5889958754891,-33.1184402958568,2,376.269184583,"Online NN-DPD adaptation",5
S1,OFDM-QAM,64QAM,40,2.92256071356476,No_DPD,-4.34808267056118,-2.29038409531236,-0.785163250281743,60.6171992595394,76.8211484149998,91.3570016411474,-20.6066711472294,-15.2125651581492,-13.6511329044569,0,3.400337749,"Dérive thermique graduelle du PA",5
S1,OFDM-QAM,64QAM,40,2.92256071356476,MP_DPD,-19.4842195637652,-18.1366342693935,-16.8598385382165,10.6117991581821,12.3927670586003,14.3551611787856,-34.9871116592291,-32.3661703950332,-32.7042945381935,0,3.435868935,"Static MP-DPD baseline",5
S1,OFDM-QAM,64QAM,40,2.92256071356476,GMP_DPD,-19.2810169627778,-17.923002024601,-16.8116115134245,10.8629842999738,12.7013504417897,14.4350876188722,-35.0275574506632,-31.6785243020515,-32.8024090641434,0,3.446734765,"Static GMP-DPD baseline",5
S1,OFDM-QAM,64QAM,40,2.92256071356476,NN_DPD_Static,-21.0157933071153,-19.7216551844743,-17.7538132685355,8.8963187419128,10.3256462133824,12.9511799158961,-32.7753562019509,-31.7340224292184,-29.1658353531536,0,375.721670732,"Offline NN-DPD with fixed weights",5
S1,OFDM-QAM,64QAM,40,2.92256071356476,NN_DPD_Adaptive,-20.9672041877005,-19.7096348985253,-17.6311171354683,8.94622446474923,10.339945628523,13.1354254285566,-32.6329319481994,-31.6240518561405,-29.0466942012277,5,382.115145129,"Online NN-DPD adaptation",5
S2,OFDM-QAM,64QAM,40,2.92256071356476,No_DPD,-5.07219291991033,-0.842291527314036,-0.340809753558713,55.7686785610016,90.7581058893348,96.1522634984787,-22.5305802516075,-12.4605186461815,-13.0425733711327,0,3.257135888,"Rupture brutale de puissance ou changement d IBO",5
S2,OFDM-QAM,64QAM,40,2.92256071356476,MP_DPD,-20.2981878954012,-12.6193497297201,-15.7583347981765,9.66252443588853,23.3901234257396,16.2960842053824,-35.1226606596607,-28.5781751998416,-31.6586217442286,0,3.299708798,"Static MP-DPD baseline",5
S2,OFDM-QAM,64QAM,40,2.92256071356476,GMP_DPD,-20.0458838056125,-12.5045300753667,-15.7405771946088,9.94731359887082,23.7013725191897,16.3294343195622,-35.1525036926069,-27.2038904619901,-31.7656155768592,0,3.310668839,"Static GMP-DPD baseline",5
S2,OFDM-QAM,64QAM,40,2.92256071356476,NN_DPD_Static,-21.5668291053625,-13.0945150283056,-16.2009376571455,8.34946300428117,22.1449267755699,15.4864943044403,-33.0835187481345,-28.9877701491636,-27.5439448394874,0,380.787785453,"Offline NN-DPD with fixed weights",5
S2,OFDM-QAM,64QAM,40,2.92256071356476,NN_DPD_Adaptive,-21.5125616600406,-13.0866897337034,-16.1856912730252,8.40179183222946,22.1648865801653,15.5137016944917,-32.9328765947527,-28.9379129478963,-27.5033104830486,6,390.917577904,"Online NN-DPD adaptation",5
S3,OFDM-QAM,64QAM,40,2.92256071356476,No_DPD,-4.94421988057941,-4.79353120641885,-5.00353716656057,56.596425885316,57.5868654347959,56.211236879578,-23.0294489872829,-20.0583131713292,-22.4402049249945,0,3.305192361,"Variation des effets mémoire du PA",5
S3,OFDM-QAM,64QAM,40,2.92256071356476,MP_DPD,-16.368848998798,-16.1467382710011,-16.4454562776619,15.1899921722194,15.583431146442,15.0566094720425,-35.8067050080581,-33.013285422999,-36.4490745984106,0,3.34520639,"Static MP-DPD baseline",5
S3,OFDM-QAM,64QAM,40,2.92256071356476,GMP_DPD,-16.2172843159398,-16.07311808437,-16.3233374634792,15.4573764610783,15.7160751123138,15.2697921949102,-35.846523971231,-32.9860079060087,-36.5388462475321,0,3.35560828,"Static GMP-DPD baseline",5
S3,OFDM-QAM,64QAM,40,2.92256071356476,NN_DPD_Static,-17.064575415007,-16.1353827731848,-16.893941126541,14.0207494722861,15.603817468273,14.2989103633212,-33.7228679422554,-31.9236103029276,-33.9125862729782,0,380.483779756,"Offline NN-DPD with fixed weights",5
S3,OFDM-QAM,64QAM,40,2.92256071356476,NN_DPD_Adaptive,-17.0449676903749,-16.1213137078387,-16.8765578388687,14.0524359821957,15.6291124037117,14.3275557842699,-33.5134772437179,-31.8478250126981,-33.7553325177153,0,381.462762792,"Online NN-DPD adaptation",5
S4,OFDM-QAM,64QAM,40,2.92256071356476,No_DPD,-4.45094515666815,-2.58329970287076,-1.1132177885792,59.9035750880016,74.2736924232426,87.970915285248,-20.7089744458023,-15.4490548609302,-13.8497019721564,0,3.436887496,"Vieillissement lent du PA",5
S4,OFDM-QAM,64QAM,40,2.92256071356476,MP_DPD,-19.8935644977337,-19.0372450411822,-18.1849398183205,10.1232922594969,11.1721754657948,12.3240374418569,-34.9294304772909,-32.4063236494469,-32.8765106201412,0,3.472491509,"Static MP-DPD baseline",5
S4,OFDM-QAM,64QAM,40,2.92256071356476,GMP_DPD,-19.6697178562319,-18.781762504945,-18.102090949783,10.387573438312,11.505668969605,12.4421505646091,-34.9688943368862,-31.802936158628,-32.9704109723643,0,3.483130391,"Static GMP-DPD baseline",5
S4,OFDM-QAM,64QAM,40,2.92256071356476,NN_DPD_Static,-21.2363659393103,-20.1037956694741,-18.6109830853818,8.67324676965493,9.88121198646941,11.7341286589252,-32.7373269790485,-31.7003669338118,-29.5564204074607,0,376.952308335,"Offline NN-DPD with fixed weights",5
S4,OFDM-QAM,64QAM,40,2.92256071356476,NN_DPD_Adaptive,-21.1853160617503,-20.0852489498808,-18.4665613413819,8.72437243499508,9.90233358414896,11.9308650363144,-32.5975519826912,-31.5903298829126,-29.4064028338821,4,382.340679102,"Online NN-DPD adaptation",5
S5,OFDM-QAM,64QAM,40,2.92256071356476,No_DPD,-4.07625769663587,-3.94518054483574,-3.85685555209049,62.544210558714,63.4952112965775,64.1441747980389,-20.6559663249033,-18.029825794549,-21.6677237574766,0,3.703281606,"Variation de charge, désadaptation ou effet VSWR",5
S5,OFDM-QAM,64QAM,40,2.92256071356476,MP_DPD,-11.2418014843612,-11.2797225083156,-11.2237043113213,27.4100561866922,27.2906496797497,27.4672249589751,-34.7644862405792,-32.9171002961508,-35.9104528555345,0,3.743581649,"Static MP-DPD baseline",5
S5,OFDM-QAM,64QAM,40,2.92256071356476,GMP_DPD,-11.213332567888,-11.2328691570729,-11.1961585160757,27.5000429175068,27.4382584247218,27.5544707770614,-34.8630502946802,-32.2974571657945,-35.9831918672593,0,3.754291873,"Static GMP-DPD baseline",5
S5,OFDM-QAM,64QAM,40,2.92256071356476,NN_DPD_Static,-11.3836994661895,-11.38138903476,-11.3092882682335,26.9659066459621,26.9730804839682,27.1979133979247,-32.818173627932,-32.5263901586151,-32.8447976672165,0,585.433807813,"Offline NN-DPD with fixed weights",5
S5,OFDM-QAM,64QAM,40,2.92256071356476,NN_DPD_Adaptive,-11.3778372414364,-11.3768127383791,-11.304093374336,26.9841124451675,26.9872954163197,27.2141849072801,-32.6772556624911,-32.431721662712,-32.7345833492978,0,587.195651108,"Online NN-DPD adaptation",5
S6,OFDM-QAM,64QAM,40,2.92256071356476,No_DPD,-4.58039442573758,-1.83387040679132,-0.454342989721592,59.0174279784015,80.9667076026175,94.9036357465556,-20.9505603813444,-16.3034466108874,-12.1624788795018,0,6.194984731,"Dérive combinée thermique + puissance + mémoire + charge",5
S6,OFDM-QAM,64QAM,40,2.92256071356476,MP_DPD,-13.9652441597389,-13.9662940842256,-12.8740344077092,20.0326218021001,20.0302004647469,22.7142436276834,-34.6214912634333,-33.8952515203818,-30.8213848888708,0,6.253405639,"Static MP-DPD baseline",5
S6,OFDM-QAM,64QAM,40,2.92256071356476,GMP_DPD,-13.8861664394316,-13.9100887763918,-12.8646069569019,20.2158347103886,20.1602336526845,22.7389104925812,-34.6627477571136,-33.6423454997259,-30.9297908707817,0,6.270891565,"Static GMP-DPD baseline",5
S6,OFDM-QAM,64QAM,40,2.92256071356476,NN_DPD_Static,-14.0036081894108,-14.6516158081936,-12.6263081459816,19.9443363885822,18.5105451643918,23.371392697492,-32.5044395524693,-32.1496685636406,-27.0299051716793,0,380.048010534,"Offline NN-DPD with fixed weights",5
S6,OFDM-QAM,64QAM,40,2.92256071356476,NN_DPD_Adaptive,-13.9932935099635,-14.640742505102,-12.6201162564016,19.9680347823785,18.533731827804,23.3880593467173,-32.3709813362041,-32.0339700437385,-27.000614139185,3,384.916973555,"Online NN-DPD adaptation",5
S7,5GNR,256QAM,50,2.92256071356476,No_DPD,-4.13020895766456,-2.15480300232804,-0.376196766573427,62.1569294393013,78.0296843134545,95.7613283345868,-19.4915466625224,-14.2797380612832,-11.9341106505293,0,4.829706807,"Stress test 5G NR avec variation de bande, modulation et numérologie",5
S7,5GNR,256QAM,50,2.92256071356476,MP_DPD,-13.7554798457708,-13.4193218087792,-11.9682667280229,20.5222988549396,21.3321146704847,25.2108021178723,-34.8277295622026,-31.1393287263288,-27.1130442684506,0,4.871573975,"Static MP-DPD baseline",5
S7,5GNR,256QAM,50,2.92256071356476,GMP_DPD,-13.7105038621485,-13.4006288304763,-11.9731832447177,20.6288399743755,21.3780731352527,25.1965359619041,-35.1458252575543,-31.4224250214418,-27.1808273272789,0,4.885196731,"Static GMP-DPD baseline",5
S7,5GNR,256QAM,50,2.92256071356476,NN_DPD_Static,-13.7156351541642,-13.9616065158281,-11.3946157435087,20.6166568422403,20.0410132057624,26.932037643829,-30.8512675958556,-28.4743947072708,-24.1384465999338,0,458.125276056,"Offline NN-DPD with fixed weights",5
S7,5GNR,256QAM,50,2.92256071356476,NN_DPD_Adaptive,-13.7067121596705,-13.9486755799302,-11.389027981067,20.6378471690288,20.0708710631635,26.9493689997702,-30.7618071274385,-28.3832677495229,-24.1230527632581,7,470.613655393,"Online NN-DPD adaptation",5
S8,OFDM-QAM,64QAM,40,2.92256071356476,No_DPD,-4.58039442573758,-1.83387040679132,-0.454342989721592,59.0174279784015,80.9667076026175,94.9036357465556,-20.9505603813444,-16.3034466108874,-12.1624788795018,0,3.543509434,"Optimisation de la politique d adaptation par RL ou heuristique",5
S8,OFDM-QAM,64QAM,40,2.92256071356476,MP_DPD,-13.9652441597389,-13.9662940842256,-12.8740344077092,20.0326218021001,20.0302004647469,22.7142436276834,-34.6214912634333,-33.8952515203818,-30.8213848888708,0,3.577441332,"Static MP-DPD baseline",5
S8,OFDM-QAM,64QAM,40,2.92256071356476,GMP_DPD,-13.8861664394316,-13.9100887763918,-12.8646069569019,20.2158347103886,20.1602336526845,22.7389104925812,-34.6627477571136,-33.6423454997259,-30.9297908707817,0,3.58935759,"Static GMP-DPD baseline",5
S8,OFDM-QAM,64QAM,40,2.92256071356476,NN_DPD_Static,-14.0036081894108,-14.6516158081936,-12.6263081459816,19.9443363885822,18.5105451643918,23.371392697492,-32.5044395524693,-32.1496685636406,-27.0299051716793,0,422.993912311,"Offline NN-DPD with fixed weights",5
S8,OFDM-QAM,64QAM,40,2.92256071356476,RL_Adaptive_Policy,-13.7805890164906,-14.7009975670231,-12.6850716390074,20.4630586581937,18.4056060251297,23.213809601054,-32.3502452996442,-32.1299320301325,-27.2729327216766,6,430.613180774,"Online NN-DPD adaptation",5
S0,OFDM-QAM,64QAM,40,2.92256071356476,No_DPD,-4.66340725669412,-5.45997724630685,-4.89510135821177,58.4560730646658,53.3336292621934,56.9173841285178,-20.4008374639959,-23.1469450798746,-20.4896638479716,0,3.178955126,"Calibration nominale et référence de performance",6
S0,OFDM-QAM,64QAM,40,2.92256071356476,MP_DPD,-20.3287739762743,-20.5452958246456,-20.3003539785454,9.62855911647133,9.39150531810425,9.66011510044171,-35.1305780151791,-36.123413711619,-34.8565633025223,0,3.212422359,"Static MP-DPD baseline",6
S0,OFDM-QAM,64QAM,40,2.92256071356476,GMP_DPD,-20.4234029491928,-20.6565621077996,-20.4194008040959,9.52422951604491,9.2719673705393,9.52861894913099,-35.1931973977448,-36.1307389488844,-34.9194537132975,0,3.224014396,"Static GMP-DPD baseline",6
S0,OFDM-QAM,64QAM,40,2.92256071356476,NN_DPD_Static,-20.676576556507,-21.1817959400836,-20.7989245122368,9.25062704920441,8.72790886910096,9.121237716249,-32.3414818513833,-32.8583162971959,-32.4298388653591,0,396.330773136,"Offline NN-DPD with fixed weights",6
S0,OFDM-QAM,64QAM,40,2.92256071356476,NN_DPD_Adaptive,-20.6357145089045,-21.1196137474,-20.7553301543935,9.29424838315548,8.79061606929424,9.1671321554006,-32.2323066570087,-32.7077597592342,-32.2324598084071,0,397.434217606,"Online NN-DPD adaptation",6
S1,OFDM-QAM,64QAM,40,2.92256071356476,No_DPD,-3.89819355014103,-2.89801828751745,-0.701043871588325,63.8396242987809,71.6306819178833,92.2460559037168,-18.4316153108165,-17.3419146337244,-12.6355196598795,0,4.037589016,"Dérive thermique graduelle du PA",6
S1,OFDM-QAM,64QAM,40,2.92256071356476,MP_DPD,-19.4918886521864,-18.4387189684259,-16.5083493304713,10.6024337492164,11.9691704465559,14.9479808733105,-34.7668716432354,-34.8344391695997,-31.3150751691823,0,4.073395232,"Static MP-DPD baseline",6
S1,OFDM-QAM,64QAM,40,2.92256071356476,GMP_DPD,-19.5844295839715,-18.5829837973728,-16.6598261148848,10.4900732502229,11.7720150900402,14.6895568476074,-34.7437673459293,-34.9201735940038,-31.5604542203537,0,4.085146053,"Static GMP-DPD baseline",6
S1,OFDM-QAM,64QAM,40,2.92256071356476,NN_DPD_Static,-20.2146381130546,-19.7910670238561,-17.1272122806828,9.75591694425702,10.2434593612696,13.9200048299566,-32.0069521966852,-31.5533078432478,-27.4223515864389,0,395.661789527,"Offline NN-DPD with fixed weights",6
S1,OFDM-QAM,64QAM,40,2.92256071356476,NN_DPD_Adaptive,-20.178150529502,-19.7466974299475,-17.0594018434522,9.79698568614796,10.295919267231,14.0291031309958,-31.9038468133634,-31.4385348780693,-27.2272722794711,2,398.919226947,"Online NN-DPD adaptation",6
S2,OFDM-QAM,64QAM,40,2.92256071356476,No_DPD,-4.66340725669412,-1.1613358613475,-0.263422973907296,58.4560730646658,87.484921593931,97.0127579725176,-20.4008374639959,-13.7934660435672,-12.1298451960756,0,3.471710097,"Rupture brutale de puissance ou changement d IBO",6
S2,OFDM-QAM,64QAM,40,2.92256071356476,MP_DPD,-20.3287739762743,-12.831616889661,-15.3257735263446,9.62855911647133,22.8254398659513,17.1281841558081,-35.1305780151791,-32.2935020152281,-30.1035755766365,0,3.507408318,"Static MP-DPD baseline",6
S2,OFDM-QAM,64QAM,40,2.92256071356476,GMP_DPD,-20.4234029491928,-12.8924161560552,-15.4834117354442,9.52422951604491,22.6662248250993,16.8201325237402,-35.1931973977448,-32.4825458020714,-30.3719225042292,0,3.518954498,"Static GMP-DPD baseline",6
S2,OFDM-QAM,64QAM,40,2.92256071356476,NN_DPD_Static,-20.676576556507,-12.9798228647628,-15.7511111166114,9.25062704920441,22.4392768473834,16.3096425962814,-32.3414818513833,-28.1681920446094,-25.9641225818388,0,402.538184624,"Offline NN-DPD with fixed weights",6
S2,OFDM-QAM,64QAM,40,2.92256071356476,NN_DPD_Adaptive,-20.6357145089045,-13.3450894422088,-15.5176926989702,9.29424838315548,21.515206953402,16.7538786334736,-32.2323066570087,-27.9014783057812,-25.6364095014365,6,413.76653623,"Online NN-DPD adaptation",6
S3,OFDM-QAM,64QAM,40,2.92256071356476,No_DPD,-4.55026593866533,-5.27156782759276,-4.76796975185507,59.2224954257419,54.5031507084265,57.7565857733162,-20.8595960282022,-22.661024512317,-21.0287077262356,0,3.42152465,"Variation des effets mémoire du PA",6
S3,OFDM-QAM,64QAM,40,2.92256071356476,MP_DPD,-16.3872218005712,-16.2524139659196,-16.3664235288073,15.1578955453562,15.3949861207502,15.1942344566871,-35.7621884183209,-35.3450246203119,-35.5082882847024,0,3.458864049,"Static MP-DPD baseline",6
S3,OFDM-QAM,64QAM,40,2.92256071356476,GMP_DPD,-16.4154112001801,-16.3040845027673,-16.405096328094,15.1087814798908,15.3036764355516,15.126734473531,-35.832958330002,-35.3446399893167,-35.5897168236678,0,3.470272726,"Static GMP-DPD baseline",6
S3,OFDM-QAM,64QAM,40,2.92256071356476,NN_DPD_Static,-16.6902190145695,-16.322035902925,-16.7346985182446,14.6382462677052,15.2720805095414,14.5634769940418,-33.0484647557851,-32.076396741713,-33.1216661502197,0,410.212029657,"Offline NN-DPD with fixed weights",6
S3,OFDM-QAM,64QAM,40,2.92256071356476,NN_DPD_Adaptive,-16.6749778851611,-16.3033605087773,-16.7185384321055,14.6639545450699,15.3049520943505,14.5905975447041,-32.8926997018008,-31.9119474041601,-32.8513986531955,2,414.415155205,"Online NN-DPD adaptation",6
S4,OFDM-QAM,64QAM,40,2.92256071356476,No_DPD,-3.99773453198372,-3.22960700692793,-1.00208307355501,63.1121933275394,68.9476787842117,89.1037221550312,-18.5329532735356,-17.6578776744418,-12.7554553679951,0,3.766349081,"Vieillissement lent du PA",6
S4,OFDM-QAM,64QAM,40,2.92256071356476,MP_DPD,-19.894946265875,-19.3803092962541,-17.7918242881369,10.121681954652,10.7395116928247,12.894627049796,-34.7334661513717,-34.8143561526662,-31.583301233225,0,3.802699216,"Static MP-DPD baseline",6
S4,OFDM-QAM,64QAM,40,2.92256071356476,GMP_DPD,-19.9817750828969,-19.5113372367332,-17.9309616223844,10.0210042392846,10.578720386966,12.6897164771502,-34.7214797922861,-34.8905067094327,-31.8137889865229,0,3.814250006,"Static GMP-DPD baseline",6
S4,OFDM-QAM,64QAM,40,2.92256071356476,NN_DPD_Static,-20.370215554342,-20.1808098428856,-17.9515611695027,9.58272934924887,9.79398665342333,12.6596570709277,-31.9728904257163,-31.5769604976632,-27.9174159204229,0,410.457375572,"Offline NN-DPD with fixed weights",6
S4,OFDM-QAM,64QAM,40,2.92256071356476,NN_DPD_Adaptive,-20.3323555621799,-20.1323725789875,-17.7968358700531,9.62458964367497,9.84875584091513,12.8871892578038,-31.8714778157348,-31.4669464025368,-27.6682442391009,2,414.044573841,"Online NN-DPD adaptation",6
S5,OFDM-QAM,64QAM,40,2.92256071356476,No_DPD,-3.86162092282184,-4.75334024052378,-3.68547693515034,64.1089928016505,57.8539462774959,65.4223519766725,-19.0771701274052,-21.6450152479606,-20.838554375125,0,3.72157708,"Variation de charge, désadaptation ou effet VSWR",6
S5,OFDM-QAM,64QAM,40,2.92256071356476,MP_DPD,-11.2226233628908,-11.3617137734132,-11.2094902938605,27.470643434515,27.0342491099995,27.5122104764887,-34.8220964866129,-35.9448753011989,-34.9048409283329,0,3.757430246,"Static MP-DPD baseline",6
S5,OFDM-QAM,64QAM,40,2.92256071356476,GMP_DPD,-11.2360962786485,-11.3723784528797,-11.2228341849079,27.4280660146916,27.0010763794082,27.4699766811461,-34.8763144961494,-35.9569752632219,-34.9443580676385,0,3.769079191,"Static GMP-DPD baseline",6
S5,OFDM-QAM,64QAM,40,2.92256071356476,NN_DPD_Static,-11.2637329984231,-11.4203312965322,-11.2864819364837,27.3409342240503,26.8524202341123,27.269420141409,-31.8622841314959,-32.4793960853505,-32.4040906301779,0,407.485687938,"Offline NN-DPD with fixed weights",6
S5,OFDM-QAM,64QAM,40,2.92256071356476,NN_DPD_Adaptive,-11.2600955310344,-11.4136737209125,-11.2818177876295,27.3523864284669,26.8730100131658,27.2840672063612,-31.7601738225079,-32.3445517346372,-32.2067709840939,0,408.667380872,"Online NN-DPD adaptation",6
S6,OFDM-QAM,64QAM,40,2.92256071356476,No_DPD,-4.14282918149056,-2.20710110466569,-0.371188631221454,62.0666836733819,77.5612759110377,95.8165585989354,-18.7195905394963,-17.6250259258885,-11.0804151236555,0,3.857116478,"Dérive combinée thermique + puissance + mémoire + charge",6
S6,OFDM-QAM,64QAM,40,2.92256071356476,MP_DPD,-13.9753952193396,-14.0178586627078,-12.6791090349981,20.0092236741809,19.9116416131183,23.2297506594415,-34.4984200814915,-35.3799228834229,-29.1985710467442,0,3.896192482,"Static MP-DPD baseline",6
S6,OFDM-QAM,64QAM,40,2.92256071356476,GMP_DPD,-13.979035120689,-14.0885321117936,-12.7268998168909,20.0008403829989,19.7502862487343,23.1022888276651,-34.5452223899989,-35.4815495759661,-29.4655529213105,0,3.908794878,"Static GMP-DPD baseline",6
S6,OFDM-QAM,64QAM,40,2.92256071356476,NN_DPD_Static,-13.8092697917103,-14.5775472714369,-12.4193712411377,20.3956011482683,18.6690679506457,23.9348901130752,-31.8605818498083,-32.0897342912661,-25.136708572333,0,405.097635686,"Offline NN-DPD with fixed weights",6
S6,OFDM-QAM,64QAM,40,2.92256071356476,NN_DPD_Adaptive,-13.8019810255996,-14.5626041016087,-12.4138282958042,20.4127233042733,18.7012137844077,23.9501691615033,-31.7567948459093,-31.9663890063046,-25.1033325585305,2,409.367698485,"Online NN-DPD adaptation",6
S7,5GNR,256QAM,50,2.92256071356476,No_DPD,-4.13020895766456,-2.15480300232804,-0.376196766573427,62.1569294393013,78.0296843134545,95.7613283345868,-19.4915466625224,-14.2797380612832,-11.9341106505293,0,5.720857559,"Stress test 5G NR avec variation de bande, modulation et numérologie",6
S7,5GNR,256QAM,50,2.92256071356476,MP_DPD,-13.7554798457708,-13.4193218087792,-11.9682667280229,20.5222988549396,21.3321146704847,25.2108021178723,-34.8277295622026,-31.1393287263288,-27.1130442684506,0,5.762695891,"Static MP-DPD baseline",6
S7,5GNR,256QAM,50,2.92256071356476,GMP_DPD,-13.7105038621485,-13.4006288304763,-11.9731832447177,20.6288399743755,21.3780731352527,25.1965359619041,-35.1458252575543,-31.4224250214418,-27.1808273272789,0,5.778578091,"Static GMP-DPD baseline",6
S7,5GNR,256QAM,50,2.92256071356476,NN_DPD_Static,-13.8140438800651,-14.109205408323,-11.5171159291357,20.3843940466713,19.7033344654899,26.5548714602525,-30.8880572468318,-28.9912397284558,-24.5063626673208,0,469.854809508,"Offline NN-DPD with fixed weights",6
S7,5GNR,256QAM,50,2.92256071356476,NN_DPD_Adaptive,-13.8054982347694,-14.0960608246647,-11.5112699002407,20.4044591786319,19.7331746094126,26.572750204549,-30.8031433218604,-28.8901142209976,-24.4892144339037,6,481.124089492,"Online NN-DPD adaptation",6
S8,OFDM-QAM,64QAM,40,2.92256071356476,No_DPD,-4.14282918149056,-2.20710110466569,-0.371188631221454,62.0666836733819,77.5612759110377,95.8165585989354,-18.7195905394963,-17.6250259258885,-11.0804151236555,0,3.921999897,"Optimisation de la politique d adaptation par RL ou heuristique",6
S8,OFDM-QAM,64QAM,40,2.92256071356476,MP_DPD,-13.9753952193396,-14.0178586627078,-12.6791090349981,20.0092236741809,19.9116416131183,23.2297506594415,-34.4984200814915,-35.3799228834229,-29.1985710467442,0,3.956584626,"Static MP-DPD baseline",6
S8,OFDM-QAM,64QAM,40,2.92256071356476,GMP_DPD,-13.979035120689,-14.0885321117936,-12.7268998168909,20.0008403829989,19.7502862487343,23.1022888276651,-34.5452223899989,-35.4815495759661,-29.4655529213105,0,3.967707208,"Static GMP-DPD baseline",6
S8,OFDM-QAM,64QAM,40,2.92256071356476,NN_DPD_Static,-13.8092697917103,-14.5775472714369,-12.4193712411377,20.3956011482683,18.6690679506457,23.9348901130752,-31.8605818498083,-32.0897342912661,-25.136708572333,0,400.729190606,"Offline NN-DPD with fixed weights",6
S8,OFDM-QAM,64QAM,40,2.92256071356476,RL_Adaptive_Policy,-13.7484947721525,-14.6052584753601,-12.4706106849369,20.5388092447453,18.6096016218454,23.7941100415645,-31.7630523944443,-32.0492607345224,-25.285922927296,3,405.217808562,"Online NN-DPD adaptation",6
S0,OFDM-QAM,64QAM,40,2.92256071356476,No_DPD,-5.57810903846749,-4.89244144080353,-5.43324895734684,52.6131795441698,56.934816853409,53.4980007049354,-22.4417423891336,-21.2712816509765,-22.150775993017,0,3.346067411,"Calibration nominale et référence de performance",7
S0,OFDM-QAM,64QAM,40,2.92256071356476,MP_DPD,-20.4691473254189,-20.2917731501525,-20.5127546620702,9.47420186084202,9.66966308590502,9.42675601842394,-35.050391649424,-35.3235354775188,-34.7283393771541,0,3.384734959,"Static MP-DPD baseline",7
S0,OFDM-QAM,64QAM,40,2.92256071356476,GMP_DPD,-20.7414594633196,-20.5679803941168,-20.8040240841892,9.18178304844965,9.36700992281252,9.115884118851,-34.7442711405376,-35.0071036661995,-34.3887565388889,0,3.39636667,"Static GMP-DPD baseline",7
S0,OFDM-QAM,64QAM,40,2.92256071356476,NN_DPD_Static,-21.555773015288,-20.9716097124726,-21.3403241166256,8.36009763068326,8.94168804745127,8.57005865198002,-32.550013791382,-32.2958885820689,-32.1842347228119,0,345.756814379,"Offline NN-DPD with fixed weights",7
S0,OFDM-QAM,64QAM,40,2.92256071356476,NN_DPD_Adaptive,-21.4554334822564,-20.9285701854355,-21.1900217708654,8.45723358716896,8.9861050380304,8.71964715736598,-32.3058930453724,-32.0724417492791,-31.9171022908545,4,351.066074979,"Online NN-DPD adaptation",7
S1,OFDM-QAM,64QAM,40,2.92256071356476,No_DPD,-4.93541935149827,-2.25175404225013,-1.08116332869624,56.6537983507803,77.1635674525255,88.2961634651955,-20.531666045241,-15.8665995473229,-13.2093527911937,0,3.667913491,"Dérive thermique graduelle du PA",7
S1,OFDM-QAM,64QAM,40,2.92256071356476,MP_DPD,-19.5935448143776,-18.1466860292245,-16.8084766690104,10.479070430334,12.37843380407,14.4402983598113,-34.6910741679296,-33.9152699089225,-31.6696669692349,0,3.704150863,"Static MP-DPD baseline",7
S1,OFDM-QAM,64QAM,40,2.92256071356476,GMP_DPD,-19.8649180589619,-18.4155070232434,-17.1733583613666,10.1567344306786,12.001199323341,13.8462472330032,-34.4045229880086,-33.6686918995279,-31.7086388363262,0,3.715307972,"Static GMP-DPD baseline",7
S1,OFDM-QAM,64QAM,40,2.92256071356476,NN_DPD_Static,-21.011405621762,-19.745807245637,-17.9396623804673,8.90081386098789,10.2969745115235,12.6770114029792,-32.2938760223719,-31.1536749626113,-28.2306407830253,0,340.994062759,"Offline NN-DPD with fixed weights",7
S1,OFDM-QAM,64QAM,40,2.92256071356476,NN_DPD_Adaptive,-20.9213280350099,-19.7212979479207,-17.8425887560574,8.9936006274818,10.3260708991977,12.8194845180295,-32.055600946547,-30.9451315407957,-28.0556824682171,5,348.720375175,"Online NN-DPD adaptation",7
S2,OFDM-QAM,64QAM,40,2.92256071356476,No_DPD,-5.57810903846749,-0.830991746621303,-0.499934647165379,52.6131795441698,90.8762531499763,94.4067979448523,-22.4417423891336,-13.1810377992109,-12.5067569135693,0,3.378467623,"Rupture brutale de puissance ou changement d IBO",7
S2,OFDM-QAM,64QAM,40,2.92256071356476,MP_DPD,-20.4691473254189,-12.6735770520359,-15.7765123271217,9.47420186084202,23.2445502391493,16.2620159857016,-35.050391649424,-30.3390801049341,-30.7046203312606,0,3.413408272,"Static MP-DPD baseline",7
S2,OFDM-QAM,64QAM,40,2.92256071356476,GMP_DPD,-20.7414594633196,-12.774324845233,-16.1620995368311,9.18178304844965,22.9764938752878,15.5558957198468,-34.7442711405376,-30.2769220161987,-30.8856531257296,0,3.429661553,"Static GMP-DPD baseline",7
S2,OFDM-QAM,64QAM,40,2.92256071356476,NN_DPD_Static,-21.555773015288,-13.0602432828085,-16.5695148434025,8.36009763068326,22.2324761890698,14.843087848813,-32.550013791382,-28.2568657254611,-26.820908797321,0,334.969098789,"Offline NN-DPD with fixed weights",7
S2,OFDM-QAM,64QAM,40,2.92256071356476,NN_DPD_Adaptive,-21.4554334822564,-13.0284786757084,-16.6645454121648,8.45723358716896,22.3139299935777,14.68157775059,-32.3058930453724,-28.2388619036908,-26.8388980152829,7,346.650490223,"Online NN-DPD adaptation",7
S3,OFDM-QAM,64QAM,40,2.92256071356476,No_DPD,-5.42501728286711,-4.72794857567408,-5.3120852425014,53.5487251426191,58.0233195210026,54.2494997610303,-22.9645395226896,-20.8298990094286,-22.6038410724964,0,3.369623171,"Variation des effets mémoire du PA",7
S3,OFDM-QAM,64QAM,40,2.92256071356476,MP_DPD,-16.4239941003399,-16.1068846652818,-16.5195528367646,15.0938592186495,15.6550971390615,14.9287126295714,-35.7352831099522,-34.5712967221947,-35.4284218598908,0,3.405440047,"Static MP-DPD baseline",7
S3,OFDM-QAM,64QAM,40,2.92256071356476,GMP_DPD,-16.4974642080105,-16.2334087527675,-16.6071558638534,14.9667253664915,15.4287080922086,14.7789032761772,-35.4498481639022,-34.2419462777682,-35.1065185235233,0,3.416896223,"Static GMP-DPD baseline",7
S3,OFDM-QAM,64QAM,40,2.92256071356476,NN_DPD_Static,-16.9881574855451,-16.1916845927472,-17.0195520190799,14.1446473985703,15.5030008327874,14.0936148536586,-33.1642397987446,-31.5038949336925,-32.8407389619765,0,330.348169605,"Offline NN-DPD with fixed weights",7
S3,OFDM-QAM,64QAM,40,2.92256071356476,NN_DPD_Adaptive,-16.9565829124365,-16.1745574998238,-16.9942995740579,14.1961589831597,15.5336002647937,14.134648772053,-32.8020234411356,-31.3344724387692,-32.5777948062666,0,331.31333377,"Online NN-DPD adaptation",7
S4,OFDM-QAM,64QAM,40,2.92256071356476,No_DPD,-5.03856932818102,-2.54442761349002,-1.48381629234179,55.9849807983575,74.6068354730277,84.2964305780264,-20.6330445009357,-16.1062375685917,-13.5052652542118,0,3.403985143,"Vieillissement lent du PA",7
S4,OFDM-QAM,64QAM,40,2.92256071356476,MP_DPD,-20.011338937806,-19.0546857042355,-18.1494199743311,9.98695408262518,11.1497650203403,12.3745382177227,-34.6604090109787,-33.9486132991993,-31.8544915225232,0,3.437060936,"Static MP-DPD baseline",7
S4,OFDM-QAM,64QAM,40,2.92256071356476,GMP_DPD,-20.2775200563552,-19.3089241942634,-18.5043255791822,9.68554352676417,10.8281382058237,11.8791049983988,-34.3719397660778,-33.6898051250334,-31.8269809382113,0,3.447261983,"Static GMP-DPD baseline",7
S4,OFDM-QAM,64QAM,40,2.92256071356476,NN_DPD_Static,-21.1868486277989,-20.0952022910163,-18.7678000130205,8.72283321471559,9.89099279372363,11.5241791056952,-32.2484816974941,-31.1465375797397,-28.6110181466415,0,320.029181993,"Offline NN-DPD with fixed weights",7
S4,OFDM-QAM,64QAM,40,2.92256071356476,NN_DPD_Adaptive,-21.0945261007056,-20.0739045329064,-18.6412522536507,8.81604290241554,9.91527521679017,11.6933079524234,-32.0137174578657,-30.9447726938688,-28.4140943923989,5,326.417667064,"Online NN-DPD adaptation",7
S5,OFDM-QAM,64QAM,40,2.92256071356476,No_DPD,-4.59765032517717,-3.94317624884238,-4.25785271203625,58.9002968716464,63.5098647042561,61.2501793046338,-20.9166241426841,-19.3874605113659,-21.5568000936564,0,3.352604202,"Variation de charge, désadaptation ou effet VSWR",7
S5,OFDM-QAM,64QAM,40,2.92256071356476,MP_DPD,-11.2736656376734,-11.3584368157289,-11.2471343016791,27.3096867142354,27.0444503452799,27.3932325836745,-34.754524906024,-34.7658788416455,-34.6568048973986,0,3.385339874,"Static MP-DPD baseline",7
S5,OFDM-QAM,64QAM,40,2.92256071356476,GMP_DPD,-11.3080913551892,-11.3911878380935,-11.2804480014591,27.2016615206521,26.9426685292266,27.288370310197,-34.4950049724743,-34.4662900280388,-34.3573561788228,0,3.395719532,"Static GMP-DPD baseline",7
S5,OFDM-QAM,64QAM,40,2.92256071356476,NN_DPD_Static,-11.3519142340311,-11.4526023892719,-11.3721268088821,27.0647667312293,26.7528392825144,27.0018586547433,-32.1954792944954,-32.0406033596272,-32.0498867174005,0,316.707049734,"Offline NN-DPD with fixed weights",7
S5,OFDM-QAM,64QAM,40,2.92256071356476,NN_DPD_Adaptive,-11.3424839133225,-11.4470450500236,-11.3655455755016,27.0941670624573,26.7699615557658,27.0223255131774,-31.9599064685149,-31.849666243714,-31.8462101088079,0,317.707864252,"Online NN-DPD adaptation",7
S6,OFDM-QAM,64QAM,40,2.92256071356476,No_DPD,-5.14250139863797,-1.69983959437266,-0.642197488826178,55.3190776092731,82.2257834755012,92.8731392423541,-21.0050694220719,-16.2234635189468,-11.6462266775125,0,3.19044352,"Dérive combinée thermique + puissance + mémoire + charge",7
S6,OFDM-QAM,64QAM,40,2.92256071356476,MP_DPD,-13.97679030812,-13.8907763867568,-12.8614884811044,20.006010140165,20.2051082090697,22.7470758591671,-34.5086600145596,-34.9017545588957,-29.798989907363,0,3.222382417,"Static MP-DPD baseline",7
S6,OFDM-QAM,64QAM,40,2.92256071356476,GMP_DPD,-13.9950564871401,-14.0103291996796,-12.9827132659361,19.9639822766834,19.9289097314163,22.4318109775009,-34.2302379847618,-34.6586605592408,-29.9183432741269,0,3.232371482,"Static GMP-DPD baseline",7
S6,OFDM-QAM,64QAM,40,2.92256071356476,NN_DPD_Static,-13.8816753240899,-14.6313235277948,-12.7009551817786,20.2262901876686,18.5538407046366,23.1713982155945,-31.9975826614934,-31.7999475796602,-26.0612430545347,0,306.010316975,"Offline NN-DPD with fixed weights",7
S6,OFDM-QAM,64QAM,40,2.92256071356476,NN_DPD_Adaptive,-13.8678900986452,-14.6157939733175,-12.7236607333482,20.2584164703208,18.5870429007084,23.1109055843806,-31.7327002153927,-31.591391190421,-26.0068141190831,2,309.016319442,"Online NN-DPD adaptation",7
S7,5GNR,256QAM,50,2.92256071356476,No_DPD,-4.13020895766456,-2.15480300232804,-0.376196766573427,62.1569294393013,78.0296843134545,95.7613283345868,-19.4915466625224,-14.2797380612832,-11.9341106505293,0,4.680596952,"Stress test 5G NR avec variation de bande, modulation et numérologie",7
S7,5GNR,256QAM,50,2.92256071356476,MP_DPD,-13.7554798457708,-13.4193218087792,-11.9682667280229,20.5222988549396,21.3321146704847,25.2108021178723,-34.8277295622026,-31.1393287263288,-27.1130442684506,0,4.715865159,"Static MP-DPD baseline",7
S7,5GNR,256QAM,50,2.92256071356476,GMP_DPD,-13.7105038621485,-13.4006288304763,-11.9731832447177,20.6288399743755,21.3780731352527,25.1965359619041,-35.1458252575543,-31.4224250214418,-27.1808273272789,0,4.729373398,"Static GMP-DPD baseline",7
S7,5GNR,256QAM,50,2.92256071356476,NN_DPD_Static,-13.7210392340461,-13.8642142866803,-11.3765180761024,20.603833813951,20.2669915146479,26.9882109555594,-30.7905668241766,-27.9586516742217,-24.2385027190752,0,425.598986876,"Offline NN-DPD with fixed weights",7
S7,5GNR,256QAM,50,2.92256071356476,NN_DPD_Adaptive,-13.7127179025102,-13.8518104288547,-11.3705932741787,20.6235823363368,20.2959544044397,27.0066263808668,-30.7140831202048,-27.8778448117984,-24.2213617177469,7,438.315332538,"Online NN-DPD adaptation",7
S8,OFDM-QAM,64QAM,40,2.92256071356476,No_DPD,-5.14250139863797,-1.69983959437266,-0.642197488826178,55.3190776092731,82.2257834755012,92.8731392423541,-21.0050694220719,-16.2234635189468,-11.6462266775125,0,3.320395414,"Optimisation de la politique d adaptation par RL ou heuristique",7
S8,OFDM-QAM,64QAM,40,2.92256071356476,MP_DPD,-13.97679030812,-13.8907763867568,-12.8614884811044,20.006010140165,20.2051082090697,22.7470758591671,-34.5086600145596,-34.9017545588957,-29.798989907363,0,3.358088984,"Static MP-DPD baseline",7
S8,OFDM-QAM,64QAM,40,2.92256071356476,GMP_DPD,-13.9950564871401,-14.0103291996796,-12.9827132659361,19.9639822766834,19.9289097314163,22.4318109775009,-34.2302379847618,-34.6586605592408,-29.9183432741269,0,3.369076253,"Static GMP-DPD baseline",7
S8,OFDM-QAM,64QAM,40,2.92256071356476,NN_DPD_Static,-13.8816753240899,-14.6313235277948,-12.7009551817786,20.2262901876686,18.5538407046366,23.1713982155945,-31.9975826614934,-31.7999475796602,-26.0612430545347,0,333.083922596,"Offline NN-DPD with fixed weights",7
S8,OFDM-QAM,64QAM,40,2.92256071356476,RL_Adaptive_Policy,-13.5851389730365,-14.6785960642157,-12.7770952836469,20.9287384875408,18.4531366065247,22.9691664956717,-31.7007527825456,-31.7202791607619,-26.3585902160896,6,340.616360106,"Online NN-DPD adaptation",7
S0,OFDM-QAM,64QAM,40,2.92256071356476,No_DPD,-3.83859018398071,-5.31681659988583,-4.63738302075103,64.2792041112707,54.2199571479747,58.6314789198137,-16.9618242584545,-20.7843441902548,-19.4999761327913,0,2.707409633,"Calibration nominale et référence de performance",8
S0,OFDM-QAM,64QAM,40,2.92256071356476,MP_DPD,-20.8250989868777,-21.050548202758,-20.9090809329044,9.09379271572498,8.86079297730861,9.00629054629006,-35.4057844931097,-36.0916651707922,-34.3221446355339,0,2.739650899,"Static MP-DPD baseline",8
S0,OFDM-QAM,64QAM,40,2.92256071356476,GMP_DPD,-21.0369617255914,-21.3047485089094,-21.1830545813174,8.87466388406637,8.60523182177525,8.72664423063987,-35.0445510427008,-35.6221202400221,-34.0135976510225,0,2.750419611,"Static GMP-DPD baseline",8
S0,OFDM-QAM,64QAM,40,2.92256071356476,NN_DPD_Static,-21.5620915294896,-21.777766602945,-21.2761778872508,8.35401832397037,8.14913795328878,8.63358373813919,-32.0300551304652,-32.3127052924504,-31.9695932815828,0,295.402563337,"Offline NN-DPD with fixed weights",8
S0,OFDM-QAM,64QAM,40,2.92256071356476,NN_DPD_Adaptive,-21.4450488093762,-21.7046782061428,-21.2222307450351,8.46735093036783,8.21799910622694,8.68737288036777,-31.7451061990709,-32.1598302865305,-31.9014504254342,0,296.309616963,"Online NN-DPD adaptation",8
S1,OFDM-QAM,64QAM,40,2.92256071356476,No_DPD,-2.95011158183869,-2.8019409603943,-0.59821223069955,71.2023653046844,72.4274094742555,93.3446407210161,-15.6022443172337,-15.459788925108,-12.7015710533616,0,3.170207262,"Dérive thermique graduelle du PA",8
S1,OFDM-QAM,64QAM,40,2.92256071356476,MP_DPD,-19.926202044142,-18.8979874279082,-17.0069270640359,10.0853249967866,11.3527383487346,14.1141148410769,-34.8804935323357,-34.5081628652052,-31.3629266060941,0,3.202434944,"Static MP-DPD baseline",8
S1,OFDM-QAM,64QAM,40,2.92256071356476,GMP_DPD,-20.1671377962561,-19.2256661899127,-17.4331808376306,9.80941504233412,10.9324296287574,13.4381955979671,-34.6066487148759,-34.2964720748547,-31.5101592226499,0,3.21294964,"Static GMP-DPD baseline",8
S1,OFDM-QAM,64QAM,40,2.92256071356476,NN_DPD_Static,-20.9054816564642,-19.8994450399782,-17.3968132406289,9.0100233644568,10.1164408829439,13.49457893348,-31.6490624733998,-30.4492381770837,-27.5664636959568,0,297.044732675,"Offline NN-DPD with fixed weights",8
S1,OFDM-QAM,64QAM,40,2.92256071356476,NN_DPD_Adaptive,-20.8022632260174,-19.8524740292226,-17.2618820795421,9.11773233554285,10.1712961269511,13.7058475237326,-31.3826916074363,-30.3418707087086,-27.4202313488123,3,301.362582788,"Online NN-DPD adaptation",8
S2,OFDM-QAM,64QAM,40,2.92256071356476,No_DPD,-3.83859018398071,-0.971370087024093,-0.218119229689349,64.2792041112707,89.4193473324329,97.5200776723873,-16.9618242584545,-12.5524878013146,-12.3443055314917,0,2.917695722,"Rupture brutale de puissance ou changement d IBO",8
S2,OFDM-QAM,64QAM,40,2.92256071356476,MP_DPD,-20.8250989868777,-12.9129996717799,-15.7652877739787,9.09379271572498,22.6125747969101,16.2830445576726,-35.4057844931097,-31.4065873067401,-30.2517052363514,0,2.951237812,"Static MP-DPD baseline",8
S2,OFDM-QAM,64QAM,40,2.92256071356476,GMP_DPD,-21.0369617255914,-13.0465599965875,-16.2269985311351,8.87466388406637,22.2675276454405,15.4400987437488,-35.0445510427008,-31.6461748009861,-30.5677654467052,0,2.961511223,"Static GMP-DPD baseline",8
S2,OFDM-QAM,64QAM,40,2.92256071356476,NN_DPD_Static,-21.5620915294896,-12.8645783550156,-15.9681748006947,8.35401832397037,22.7389853699777,15.9071091089007,-32.0300551304652,-26.6111638223788,-26.097197047091,0,303.560019213,"Offline NN-DPD with fixed weights",8
S2,OFDM-QAM,64QAM,40,2.92256071356476,NN_DPD_Adaptive,-21.4450488093762,-12.8559770670016,-15.951657035168,8.46735093036783,22.7615140276298,15.9373880901824,-31.7451061990709,-26.5630923514906,-26.0738685793524,6,313.978615643,"Online NN-DPD adaptation",8
S3,OFDM-QAM,64QAM,40,2.92256071356476,No_DPD,-3.75990028548353,-5.16137931897216,-4.50743237241863,64.8641879951872,55.1989776363236,59.5152663271114,-17.5051440977871,-20.2228222732876,-20.1470056784855,0,2.870965028,"Variation des effets mémoire du PA",8
S3,OFDM-QAM,64QAM,40,2.92256071356476,MP_DPD,-16.5716246102234,-16.451896504526,-16.5497162609437,14.8394829617285,15.0454497584313,14.8769597135324,-36.1206537012525,-35.2838794676588,-34.9946197164736,0,2.899701786,"Static MP-DPD baseline",8
S3,OFDM-QAM,64QAM,40,2.92256071356476,GMP_DPD,-16.6228461286461,-16.547439197997,-16.6296940354004,14.752230637907,14.880860317374,14.7406046454125,-35.7611811030364,-34.8089553399871,-34.6918440443452,0,2.910411884,"Static GMP-DPD baseline",8
S3,OFDM-QAM,64QAM,40,2.92256071356476,NN_DPD_Static,-17.0487569320995,-16.4447495263523,-16.892622859417,14.0463069078166,15.0578346443447,14.3010806895313,-32.7575238812606,-31.5395564179001,-32.6568057271135,0,306.79542894,"Offline NN-DPD with fixed weights",8
S3,OFDM-QAM,64QAM,40,2.92256071356476,NN_DPD_Adaptive,-17.0069831078211,-16.4250395076498,-16.8739299421463,14.1140237731607,15.0920426768918,14.3318912104257,-32.3953857389564,-31.4153543761616,-32.5904197856495,0,307.87251133,"Online NN-DPD adaptation",8
S4,OFDM-QAM,64QAM,40,2.92256071356476,No_DPD,-3.04613567289053,-3.11765190791695,-0.858090916626328,70.4195452769535,69.8421185615586,90.5931694964329,-15.6452800952676,-15.7032795098554,-12.7308459801354,0,3.177641408,"Vieillissement lent du PA",8
S4,OFDM-QAM,64QAM,40,2.92256071356476,MP_DPD,-20.3539607284798,-19.898111412031,-18.3571023791638,9.60067931691492,10.1179942763956,12.08216830138,-34.8631996478236,-34.5259405109948,-31.5404394323342,0,3.206245608,"Static MP-DPD baseline",8
S4,OFDM-QAM,64QAM,40,2.92256071356476,GMP_DPD,-20.5774691539498,-20.1874117344322,-18.7543634224738,9.35678267144142,9.78654535794722,11.5420201689732,-34.5798748529299,-34.2784415190782,-31.6141935070729,0,3.217077644,"Static GMP-DPD baseline",8
S4,OFDM-QAM,64QAM,40,2.92256071356476,NN_DPD_Static,-21.1122888659448,-20.3724568863867,-18.2560427679718,8.79803239408561,9.58025691310626,12.2235643057066,-31.6213600542663,-30.5275233219856,-27.9887520190984,0,291.009162402,"Offline NN-DPD with fixed weights",8
S4,OFDM-QAM,64QAM,40,2.92256071356476,NN_DPD_Adaptive,-21.0052080535879,-20.3202736531289,-18.1039354229077,8.90716704849347,9.63798658205544,12.4395087194103,-31.360127117909,-30.422504343428,-27.8300448293842,3,296.226131546,"Online NN-DPD adaptation",8
S5,OFDM-QAM,64QAM,40,2.92256071356476,No_DPD,-3.00871681510979,-4.31643450512487,-3.88492681002059,70.7235674389558,60.8384687542061,63.9372068005559,-15.9258959216963,-18.5283473700272,-20.5365415086047,0,3.167676755,"Variation de charge, désadaptation ou effet VSWR",8
S5,OFDM-QAM,64QAM,40,2.92256071356476,MP_DPD,-11.2332524443943,-11.472711293077,-11.3346029315706,27.4370476673927,26.6909748056877,27.1187616112077,-35.0414533688835,-35.7024221252476,-34.2801718112574,0,3.196387943,"Static MP-DPD baseline",8
S5,OFDM-QAM,64QAM,40,2.92256071356476,GMP_DPD,-11.2599893656556,-11.5017972530185,-11.3660705162247,27.3527207516429,26.6017456910163,27.0206924403377,-34.7862496537508,-35.3033169416204,-33.9723168160584,0,3.206577817,"Static GMP-DPD baseline",8
S5,OFDM-QAM,64QAM,40,2.92256071356476,NN_DPD_Static,-11.3123629675194,-11.5319826002085,-11.3018871967303,27.1882873712374,26.50945931529,27.2210980679705,-31.0955148340784,-31.6671287577944,-32.0096213220371,0,295.409542784,"Offline NN-DPD with fixed weights",8
S5,OFDM-QAM,64QAM,40,2.92256071356476,NN_DPD_Adaptive,-11.3023032569104,-11.5269214970233,-11.295186986583,27.2197941895899,26.5249103756279,27.2421042572031,-30.8649106868959,-31.5410884277345,-31.9470965985412,0,296.554145791,"Online NN-DPD adaptation",8
S6,OFDM-QAM,64QAM,40,2.92256071356476,No_DPD,-3.39734380280191,-2.42041413682605,-0.308859904103438,67.6289757240755,75.6796810645734,96.506597649959,-15.8700674620731,-16.9147027340139,-11.0864120737296,0,3.207008819,"Dérive combinée thermique + puissance + mémoire + charge",8
S6,OFDM-QAM,64QAM,40,2.92256071356476,MP_DPD,-14.0340403490124,-14.2180365425485,-12.8254216198175,19.8745810462139,19.457998826858,22.8417260735695,-34.888312486697,-35.3299196923188,-29.3708366425479,0,3.237857902,"Static MP-DPD baseline",8
S6,OFDM-QAM,64QAM,40,2.92256071356476,GMP_DPD,-14.0311762193606,-14.3551145133778,-12.9605668372904,19.8811356727864,19.1533292492445,22.4890783832264,-34.5589765331355,-35.0840881972501,-29.6183545384801,0,3.248635638,"Static GMP-DPD baseline",8
S6,OFDM-QAM,64QAM,40,2.92256071356476,NN_DPD_Static,-13.9650594053103,-14.6279477548843,-12.5250357497534,20.0330479133116,18.5610530603419,23.6454842442084,-31.5716800050787,-31.1790192502567,-25.3370457216234,0,292.269779141,"Offline NN-DPD with fixed weights",8
S6,OFDM-QAM,64QAM,40,2.92256071356476,NN_DPD_Adaptive,-13.9458595601053,-14.6155787622508,-12.5191432139511,20.077379220212,18.5875034392428,23.6615308601064,-31.3297889205092,-31.0395083406017,-25.318953856194,4,298.590991138,"Online NN-DPD adaptation",8
S7,5GNR,256QAM,50,2.92256071356476,No_DPD,-4.13020895766456,-2.15480300232804,-0.376196766573427,62.1569294393013,78.0296843134545,95.7613283345868,-19.4915466625224,-14.2797380612832,-11.9341106505293,0,4.999374826,"Stress test 5G NR avec variation de bande, modulation et numérologie",8
S7,5GNR,256QAM,50,2.92256071356476,MP_DPD,-13.7554798457708,-13.4193218087792,-11.9682667280229,20.5222988549396,21.3321146704847,25.2108021178723,-34.8277295622026,-31.1393287263288,-27.1130442684506,0,5.038972616,"Static MP-DPD baseline",8
S7,5GNR,256QAM,50,2.92256071356476,GMP_DPD,-13.7105038621485,-13.4006288304763,-11.9731832447177,20.6288399743755,21.3780731352527,25.1965359619041,-35.1458252575543,-31.4224250214418,-27.1808273272789,0,5.052680474,"Static GMP-DPD baseline",8
S7,5GNR,256QAM,50,2.92256071356476,NN_DPD_Static,-13.7207282809174,-14.0794561060058,-11.5643030089153,20.6045714403243,19.7709343809053,26.4110002638692,-30.210089558063,-28.9965907552662,-24.5238885553321,0,384.714504647,"Offline NN-DPD with fixed weights",8
S7,5GNR,256QAM,50,2.92256071356476,NN_DPD_Adaptive,-13.7107124109248,-13.865325956318,-11.4445580861126,20.6283446805292,20.2643977955997,26.7776274901789,-30.1347341437701,-28.736936595232,-24.2845965867979,7,396.714200969,"Online NN-DPD adaptation",8
S8,OFDM-QAM,64QAM,40,2.92256071356476,No_DPD,-3.39734380280191,-2.42041413682605,-0.308859904103438,67.6289757240755,75.6796810645734,96.506597649959,-15.8700674620731,-16.9147027340139,-11.0864120737296,0,3.206807527,"Optimisation de la politique d adaptation par RL ou heuristique",8
S8,OFDM-QAM,64QAM,40,2.92256071356476,MP_DPD,-14.0340403490124,-14.2180365425485,-12.8254216198175,19.8745810462139,19.457998826858,22.8417260735695,-34.888312486697,-35.3299196923188,-29.3708366425479,0,3.240701484,"Static MP-DPD baseline",8
S8,OFDM-QAM,64QAM,40,2.92256071356476,GMP_DPD,-14.0311762193606,-14.3551145133778,-12.9605668372904,19.8811356727864,19.1533292492445,22.4890783832264,-34.5589765331355,-35.0840881972501,-29.6183545384801,0,3.25159406,"Static GMP-DPD baseline",8
S8,OFDM-QAM,64QAM,40,2.92256071356476,NN_DPD_Static,-13.9650594053103,-14.6279477548843,-12.5250357497534,20.0330479133116,18.5610530603419,23.6454842442084,-31.5716800050787,-31.1790192502567,-25.3370457216234,0,298.176683985,"Offline NN-DPD with fixed weights",8
S8,OFDM-QAM,64QAM,40,2.92256071356476,RL_Adaptive_Policy,-13.7928832349455,-14.6986188333531,-12.6088720371337,20.4341152380561,18.4106473084356,23.4183556975998,-31.317537207919,-31.1965552131473,-25.6044614777467,4,331.636294485,"Online NN-DPD adaptation",8
S0,OFDM-QAM,64QAM,40,2.92256071356476,No_DPD,-5.48593668373237,-5.05918813387293,-4.76445916419017,53.1744694995056,55.852239712983,57.7799340480877,-23.4505349535234,-21.4661698568105,-21.0754178673073,0,2.746345493,"Calibration nominale et référence de performance",9
S0,OFDM-QAM,64QAM,40,2.92256071356476,MP_DPD,-20.8722105753953,-20.7090800299579,-20.6467212913536,9.04460221601427,9.21607496052528,9.28247814609965,-35.0366908631482,-34.715272834263,-35.1527301655245,0,2.776734215,"Static MP-DPD baseline",9
S0,OFDM-QAM,64QAM,40,2.92256071356476,GMP_DPD,-20.4628774070579,-20.3318290621875,-20.275414050882,9.48104329214107,9.62517306116794,9.68789219587961,-34.9224021995906,-34.6065648469053,-35.010491346787,0,2.787357244,"Static GMP-DPD baseline",9
S0,OFDM-QAM,64QAM,40,2.92256071356476,NN_DPD_Static,-21.0981165945275,-21.1286512842705,-20.4554143786303,8.81239936014362,8.78147432290432,9.48919302752351,-33.1915762993429,-32.7010805308834,-33.0435596961752,0,321.546221456,"Offline NN-DPD with fixed weights",9
S0,OFDM-QAM,64QAM,40,2.92256071356476,NN_DPD_Adaptive,-21.031392703859,-21.0081914417356,-20.2426658322325,8.88035576428903,8.90410818238358,9.72448718602645,-32.9276919330278,-32.4291326646379,-32.8180798066172,5,327.260371807,"Online NN-DPD adaptation",9
S1,OFDM-QAM,64QAM,40,2.92256071356476,No_DPD,-4.78709710404219,-2.3381102679435,-0.500868757384741,57.6295389051015,76.4001984399725,94.3966456614765,-21.5403113835373,-16.0080310275662,-13.2974886891555,0,3.201215019,"Dérive thermique graduelle du PA",9
S1,OFDM-QAM,64QAM,40,2.92256071356476,MP_DPD,-19.9564729192204,-18.5213296530214,-16.7023036628206,10.050238176327,11.8558724225454,14.6178942873385,-34.7920164908019,-33.6369791961379,-31.9287772087742,0,3.22998131,"Static MP-DPD baseline",9
S1,OFDM-QAM,64QAM,40,2.92256071356476,GMP_DPD,-19.6132646554941,-18.3098660504533,-16.6438383480455,10.4553064622159,12.1480535446148,14.7166202222001,-34.6740104673717,-33.5561460723923,-32.0133005867463,0,3.240542256,"Static GMP-DPD baseline",9
S1,OFDM-QAM,64QAM,40,2.92256071356476,NN_DPD_Static,-20.7168299412786,-19.8368190233781,-17.9006191716784,9.20785566319418,10.1896448843915,12.7341230287315,-33.0518589892109,-31.465923824171,-29.8394321200863,0,324.159779179,"Offline NN-DPD with fixed weights",9
S1,OFDM-QAM,64QAM,40,2.92256071356476,NN_DPD_Adaptive,-20.6606495640316,-19.8343804286743,-17.9695278197892,9.26760514093708,10.1925060654047,12.6334977985279,-32.7920975601726,-31.2777189229083,-29.8542832883778,6,331.976937471,"Online NN-DPD adaptation",9
S2,OFDM-QAM,64QAM,40,2.92256071356476,No_DPD,-5.48593668373237,-0.805006231521715,-0.242112094917442,53.1744694995056,91.1485340864401,97.2510715511396,-23.4505349535234,-13.3000663680701,-12.8555331910095,0,2.906085345,"Rupture brutale de puissance ou changement d IBO",9
S2,OFDM-QAM,64QAM,40,2.92256071356476,MP_DPD,-20.8722105753953,-12.7657857706279,-15.6964830257843,9.04460221601427,22.9990931110616,16.4125419336452,-35.0366908631482,-31.1407765214838,-30.7679830329372,0,2.936172853,"Static MP-DPD baseline",9
S2,OFDM-QAM,64QAM,40,2.92256071356476,GMP_DPD,-20.4628774070579,-12.7248834512779,-15.6793563435026,9.48104329214107,23.1076524772214,16.4449358174697,-34.9224021995906,-31.1502345251222,-30.9276719114097,0,2.946470952,"Static GMP-DPD baseline",9
S2,OFDM-QAM,64QAM,40,2.92256071356476,NN_DPD_Static,-21.0981165945275,-13.0032223885833,-17.0148958791044,8.81239936014362,22.3789074677966,14.1011718729109,-33.1915762993429,-28.1114136437864,-28.7275745101071,0,321.537331367,"Offline NN-DPD with fixed weights",9
S2,OFDM-QAM,64QAM,40,2.92256071356476,NN_DPD_Adaptive,-21.031392703859,-13.0421745960328,-17.1650821021037,8.88035576428903,22.2787730892546,13.8594467726506,-32.9276919330278,-28.195951384498,-28.8171805011889,7,332.899718891,"Online NN-DPD adaptation",9
S3,OFDM-QAM,64QAM,40,2.92256071356476,No_DPD,-5.35385174077477,-4.89149738249407,-4.72227830670298,53.9892647334175,56.9410053626225,58.0612103135176,-23.9558139712177,-20.9788082265054,-21.4372525654867,0,2.889758385,"Variation des effets mémoire du PA",9
S3,OFDM-QAM,64QAM,40,2.92256071356476,MP_DPD,-16.5740446358542,-16.3325988899891,-16.447924817978,14.8353490240134,15.2535192861399,15.0523309734684,-35.7663654617809,-33.9071120177689,-35.8211039257937,0,2.919072384,"Static MP-DPD baseline",9
S3,OFDM-QAM,64QAM,40,2.92256071356476,GMP_DPD,-16.3911162350657,-16.2160733067581,-16.2790773144805,15.1511008240383,15.459531718696,15.347800108986,-35.6657578625604,-33.7868711233648,-35.6988772168218,0,2.929357496,"Static GMP-DPD baseline",9
S3,OFDM-QAM,64QAM,40,2.92256071356476,NN_DPD_Static,-16.9206296067605,-16.317346265202,-16.4853418837199,14.2550426053141,15.2803283535518,14.9876280225168,-33.8915355614013,-31.9070163681245,-33.6633595767896,0,323.53068018,"Offline NN-DPD with fixed weights",9
S3,OFDM-QAM,64QAM,40,2.92256071356476,NN_DPD_Adaptive,-16.8969334846949,-16.303410232787,-16.4734686710914,14.2939851232669,15.3048644785229,15.0081294314448,-33.5881969754356,-31.6848845089306,-33.4980720540191,0,324.445083604,"Online NN-DPD adaptation",9
S4,OFDM-QAM,64QAM,40,2.92256071356476,No_DPD,-4.89478607043015,-2.64756166682614,-0.748454625364641,56.9194502014507,73.7262113077149,91.7439149652578,-21.6422226259639,-16.2555676688905,-13.3741262728846,0,3.114322877,"Vieillissement lent du PA",9
S4,OFDM-QAM,64QAM,40,2.92256071356476,MP_DPD,-20.4074680787294,-19.4664366498319,-18.0280243857883,9.54171841689574,10.6335473066991,12.5487012685553,-34.7450752929288,-33.5985345759148,-32.1952491771584,0,3.144191318,"Static MP-DPD baseline",9
S4,OFDM-QAM,64QAM,40,2.92256071356476,GMP_DPD,-20.0280225309122,-19.1981946072258,-17.9174288872243,9.96778985536023,10.9670612668799,12.7095026389808,-34.6280149277496,-33.5134258173639,-32.243170155414,0,3.154529825,"Static GMP-DPD baseline",9
S4,OFDM-QAM,64QAM,40,2.92256071356476,NN_DPD_Static,-20.9113431342303,-20.2275842419653,-18.6200234716904,9.00394520340299,9.74138679412863,11.7219219795441,-32.9956556132597,-31.4693983655756,-30.1295915181501,0,321.333250117,"Offline NN-DPD with fixed weights",9
S4,OFDM-QAM,64QAM,40,2.92256071356476,NN_DPD_Adaptive,-20.8516228685802,-20.1889467915332,-18.6231452960515,9.0660655870638,9.78481593480792,11.7177097217603,-32.7431817283332,-31.2758595942664,-30.0653573521146,5,327.672136033,"Online NN-DPD adaptation",9
S5,OFDM-QAM,64QAM,40,2.92256071356476,No_DPD,-4.35754734817171,-3.87795714769229,-3.5740080485613,60.5511830188796,63.9885313733679,66.2673490638258,-21.7752153359001,-18.4703444044889,-20.767905258265,0,3.132822733,"Variation de charge, désadaptation ou effet VSWR",9
S5,OFDM-QAM,64QAM,40,2.92256071356476,MP_DPD,-11.2708954653466,-11.4081184749784,-11.2672958970382,27.3183979236426,26.890202717148,27.3297214405165,-34.9031284780106,-34.2455824012265,-35.1614902255762,0,3.165870971,"Static MP-DPD baseline",9
S5,OFDM-QAM,64QAM,40,2.92256071356476,GMP_DPD,-11.2223290858408,-11.3666382708037,-11.2273889384512,27.4715741528628,27.0189262861352,27.4555756031579,-34.7860643412565,-34.1484104706324,-35.0341375414199,0,3.176345903,"Static GMP-DPD baseline",9
S5,OFDM-QAM,64QAM,40,2.92256071356476,NN_DPD_Static,-11.3368136715157,-11.4496840947336,-11.2826265248121,27.1118601994794,26.7618292403602,27.2815269239796,-33.1074308951289,-32.2051038428898,-32.904026306436,0,324.682075491,"Offline NN-DPD with fixed weights",9
S5,OFDM-QAM,64QAM,40,2.92256071356476,NN_DPD_Adaptive,-11.3314565550646,-11.4447633463965,-11.2799797833576,27.1285868903719,26.7769947031292,27.2898413458482,-32.8327830822395,-31.9665317377816,-32.760526780891,0,325.703626875,"Online NN-DPD adaptation",9
S6,OFDM-QAM,64QAM,40,2.92256071356476,No_DPD,-5.02057321824076,-1.93821938100265,-0.306798654249847,56.1010951348129,79.9998238907352,96.529502363673,-21.9571375507105,-17.2935904915731,-12.0996870496486,0,3.196265078,"Dérive combinée thermique + puissance + mémoire + charge",9
S6,OFDM-QAM,64QAM,40,2.92256071356476,MP_DPD,-14.0417748080931,-13.9989436261546,-12.8009342183352,19.8568913540813,19.9550499259762,22.9062126977604,-34.5843121297986,-34.4999526494161,-29.9966012262552,0,3.22882976,"Static MP-DPD baseline",9
S6,OFDM-QAM,64QAM,40,2.92256071356476,GMP_DPD,-13.938355982541,-13.9262214846694,-12.7889742719816,20.0947311864569,20.1228238618821,22.93777489625,-34.4802862827336,-34.4278767993137,-30.1111594412297,0,3.239149705,"Static GMP-DPD baseline",9
S6,OFDM-QAM,64QAM,40,2.92256071356476,NN_DPD_Static,-13.9614383185632,-14.5590912063476,-12.8332176346904,20.0414012922319,18.7087787771298,22.8212336942955,-32.7784885168322,-32.4632422101759,-28.0116528917561,0,320.207561938,"Offline NN-DPD with fixed weights",9
S6,OFDM-QAM,64QAM,40,2.92256071356476,NN_DPD_Adaptive,-13.9502539685072,-14.5441885871159,-13.0637251400933,20.0672241419246,18.740905494795,22.2235657839201,-32.5573664413186,-32.2721749703869,-28.0634780693201,5,326.384941245,"Online NN-DPD adaptation",9
S7,5GNR,256QAM,50,2.92256071356476,No_DPD,-4.13020895766456,-2.15480300232804,-0.376196766573427,62.1569294393013,78.0296843134545,95.7613283345868,-19.4915466625224,-14.2797380612832,-11.9341106505293,0,4.675606662,"Stress test 5G NR avec variation de bande, modulation et numérologie",9
S7,5GNR,256QAM,50,2.92256071356476,MP_DPD,-13.7554798457708,-13.4193218087792,-11.9682667280229,20.5222988549396,21.3321146704847,25.2108021178723,-34.8277295622026,-31.1393287263288,-27.1130442684506,0,4.712877589,"Static MP-DPD baseline",9
S7,5GNR,256QAM,50,2.92256071356476,GMP_DPD,-13.7105038621485,-13.4006288304763,-11.9731832447177,20.6288399743755,21.3780731352527,25.1965359619041,-35.1458252575543,-31.4224250214418,-27.1808273272789,0,4.726348319,"Static GMP-DPD baseline",9
S7,5GNR,256QAM,50,2.92256071356476,NN_DPD_Static,-13.7094125272811,-13.9292858991303,-10.9343018509501,20.6314320389366,20.1157257063078,28.3978138125646,-30.8336488937839,-28.4865110886044,-23.3947622600013,0,406.047256209,"Offline NN-DPD with fixed weights",9
S7,5GNR,256QAM,50,2.92256071356476,NN_DPD_Adaptive,-13.7000581145363,-13.9160889166169,-10.9294955610276,20.6536633705234,20.1463119402286,28.4135319371881,-30.7406567493026,-28.3962369644636,-23.3806438918579,7,417.629233183,"Online NN-DPD adaptation",9
S8,OFDM-QAM,64QAM,40,2.92256071356476,No_DPD,-5.02057321824076,-1.93821938100265,-0.306798654249847,56.1010951348129,79.9998238907352,96.529502363673,-21.9571375507105,-17.2935904915731,-12.0996870496486,0,3.21881317,"Optimisation de la politique d adaptation par RL ou heuristique",9
S8,OFDM-QAM,64QAM,40,2.92256071356476,MP_DPD,-14.0417748080931,-13.9989436261546,-12.8009342183352,19.8568913540813,19.9550499259762,22.9062126977604,-34.5843121297986,-34.4999526494161,-29.9966012262552,0,3.253897525,"Static MP-DPD baseline",9
S8,OFDM-QAM,64QAM,40,2.92256071356476,GMP_DPD,-13.938355982541,-13.9262214846694,-12.7889742719816,20.0947311864569,20.1228238618821,22.93777489625,-34.4802862827336,-34.4278767993137,-30.1111594412297,0,3.265008141,"Static GMP-DPD baseline",9
S8,OFDM-QAM,64QAM,40,2.92256071356476,NN_DPD_Static,-13.9614383185632,-14.5590912063476,-12.8332176346904,20.0414012922319,18.7087787771298,22.8212336942955,-32.7784885168322,-32.4632422101759,-28.0116528917561,0,322.574356902,"Offline NN-DPD with fixed weights",9
S8,OFDM-QAM,64QAM,40,2.92256071356476,RL_Adaptive_Policy,-13.4861691687038,-14.6034051892478,-12.8934031935399,21.1685709963563,18.6135727287031,22.6636492521465,-32.4629871897843,-32.3566613832846,-28.3882393919765,5,328.283443248,"Online NN-DPD adaptation",9
S0,OFDM-QAM,64QAM,40,2.92256071356476,No_DPD,-5.32312457101228,-4.78467372055465,-5.2251752763762,54.1805951739814,57.6456199242176,54.7950384710072,-22.7163588592992,-20.719990851594,-22.213574145366,0,2.722088876,"Calibration nominale et référence de performance",10
S0,OFDM-QAM,64QAM,40,2.92256071356476,MP_DPD,-20.2051836424965,-20.1520557133898,-20.553766167621,9.76654190622933,9.82646279879223,9.38235133395079,-35.2750630039728,-35.1367225902571,-34.9464103883154,0,2.754194725,"Static MP-DPD baseline",10
S0,OFDM-QAM,64QAM,40,2.92256071356476,GMP_DPD,-20.0366718151271,-20.0231941439696,-20.389514963209,9.95786901364633,9.97333237637629,9.56146086566368,-35.3110775092215,-35.2170832101709,-34.9371337200212,0,2.764866021,"Static GMP-DPD baseline",10
S0,OFDM-QAM,64QAM,40,2.92256071356476,NN_DPD_Static,-21.2783429299937,-21.3916391959619,-21.5956041331108,8.63143200133405,8.51957715250244,8.32184827361612,-33.2020654021866,-32.8374394027279,-32.7428015861513,0,280.068880242,"Offline NN-DPD with fixed weights",10
S0,OFDM-QAM,64QAM,40,2.92256071356476,NN_DPD_Adaptive,-21.2407878372065,-21.338082126165,-21.5225125281237,8.66883243185679,8.5722710298139,8.3921719483224,-33.0024345021043,-32.6517776838865,-32.5924657338217,0,280.994685004,"Online NN-DPD adaptation",10
S1,OFDM-QAM,64QAM,40,2.92256071356476,No_DPD,-4.5559871636908,-2.10736926085667,-0.900595743671426,59.1834995746836,78.4569709479606,90.1509303193708,-20.6517598260655,-15.4204340731116,-13.8501998559629,0,3.172097753,"Dérive thermique graduelle du PA",10
S1,OFDM-QAM,64QAM,40,2.92256071356476,MP_DPD,-19.3467838237832,-17.6406394380431,-16.7396960696173,10.7810437594135,13.1210330100957,14.5551000984693,-34.791279516,-30.2430732688568,-31.585021097248,0,3.203910126,"Static MP-DPD baseline",10
S1,OFDM-QAM,64QAM,40,2.92256071356476,GMP_DPD,-19.2289319316135,-17.6405078618601,-16.7466233637352,10.9283200001639,13.121231772524,14.5434965359661,-34.848285775927,-30.3742981894582,-31.6520143721984,0,3.214414661,"Static GMP-DPD baseline",10
S1,OFDM-QAM,64QAM,40,2.92256071356476,NN_DPD_Static,-20.8093698866879,-20.1481032500364,-18.5686472562755,9.11027539884213,9.8309352908148,11.7914614960995,-33.0999203732166,-31.8360854278524,-29.4237498015657,0,277.817159329,"Offline NN-DPD with fixed weights",10
S1,OFDM-QAM,64QAM,40,2.92256071356476,NN_DPD_Adaptive,-20.7751563349954,-20.1059173916861,-18.5079065744668,9.14623136629916,9.87879857489871,11.8742085222721,-32.9063330622364,-31.6847766300298,-29.2399559388738,3,281.587998159,"Online NN-DPD adaptation",10
S2,OFDM-QAM,64QAM,40,2.92256071356476,No_DPD,-5.32312457101228,-0.670709971744426,-0.413869320491093,54.1805951739814,92.5687717686445,95.3468904537069,-22.7163588592992,-12.7401089011127,-13.2076231646377,0,2.888855553,"Rupture brutale de puissance ou changement d IBO",10
S2,OFDM-QAM,64QAM,40,2.92256071356476,MP_DPD,-20.2051836424965,-12.2051295687826,-15.6874208757654,9.76654190622933,24.5325968234084,16.4296743792889,-35.2750630039728,-24.7791158775026,-30.6005986964371,0,2.919658543,"Static MP-DPD baseline",10
S2,OFDM-QAM,64QAM,40,2.92256071356476,GMP_DPD,-20.0366718151271,-12.2362328460042,-15.7253049440026,9.95786901364633,24.4449052190184,16.3581713400367,-35.3110775092215,-24.9309047215575,-30.687197597233,0,2.930909836,"Static GMP-DPD baseline",10
S2,OFDM-QAM,64QAM,40,2.92256071356476,NN_DPD_Static,-21.2783429299937,-13.2149351157141,-17.2635239375915,8.63143200133405,21.8400306851135,13.7032570085035,-33.2020654021866,-28.9562884925893,-28.0679681639562,0,280.945623823,"Offline NN-DPD with fixed weights",10
S2,OFDM-QAM,64QAM,40,2.92256071356476,NN_DPD_Adaptive,-21.2407878372065,-13.5093623218456,-16.9867545658082,8.66883243185679,21.1121218562868,14.1469321855613,-33.0024345021043,-28.5675744683853,-27.695605136877,6,290.575317656,"Online NN-DPD adaptation",10
S3,OFDM-QAM,64QAM,40,2.92256071356476,No_DPD,-5.20003678031294,-4.63662411819571,-5.10896705233091,54.9538546837209,58.6366018864777,55.5330654499934,-23.1425741869888,-20.1956956759336,-22.627017693959,0,2.86313896,"Variation des effets mémoire du PA",10
S3,OFDM-QAM,64QAM,40,2.92256071356476,MP_DPD,-16.3105379844683,-16.0518435206026,-16.4741171877527,15.2923102635513,15.7546160631777,15.0070089177085,-35.9753850703763,-34.4542499808918,-35.6071485480701,0,2.89405517,"Static MP-DPD baseline",10
S3,OFDM-QAM,64QAM,40,2.92256071356476,GMP_DPD,-16.2069282856521,-16.0246223064093,-16.3731182757893,15.4758170045245,15.8040678192036,15.1825278419287,-36.0306947647104,-34.5206590878412,-35.6196211642885,0,2.904524683,"Static GMP-DPD baseline",10
S3,OFDM-QAM,64QAM,40,2.92256071356476,NN_DPD_Static,-16.8886204301387,-16.2783611655568,-17.0081068652224,14.3076720988471,15.3490655825431,14.1121978562574,-33.8673901438591,-32.0621380449322,-33.4294278907208,0,281.422078876,"Offline NN-DPD with fixed weights",10
S3,OFDM-QAM,64QAM,40,2.92256071356476,NN_DPD_Adaptive,-16.874767458666,-16.2634116178396,-16.9855965614734,14.3305093580795,15.3755060714155,14.1488183827806,-33.6108679680263,-31.934071614236,-33.253784679743,0,282.329451621,"Online NN-DPD adaptation",10
S4,OFDM-QAM,64QAM,40,2.92256071356476,No_DPD,-4.6674086734202,-2.39248087715133,-1.25688331694296,58.4291497156088,75.9234537959961,86.5278343463139,-20.763549569144,-15.6521211236853,-14.0630781792608,0,3.186071625,"Vieillissement lent du PA",10
S4,OFDM-QAM,64QAM,40,2.92256071356476,MP_DPD,-19.748837061563,-18.4896866248402,-18.0783587985764,10.2933833426211,11.8991425888399,12.4761922999655,-34.7722110120857,-30.5886158156692,-31.8908450780023,0,3.217458698,"Static MP-DPD baseline",10
S4,OFDM-QAM,64QAM,40,2.92256071356476,GMP_DPD,-19.6065216697444,-18.4518504672962,-18.0340074539158,10.4634262239904,11.9510888906231,12.5400603710512,-34.8275748401457,-30.7175233410726,-31.9467723197231,0,3.228108982,"Static GMP-DPD baseline",10
S4,OFDM-QAM,64QAM,40,2.92256071356476,NN_DPD_Static,-21.016869495848,-20.5627300186966,-19.4474758832993,8.89521654912705,9.37267372787595,10.6567850450105,-33.0383768194939,-31.808001365324,-29.7433561875735,0,277.985094542,"Offline NN-DPD with fixed weights",10
S4,OFDM-QAM,64QAM,40,2.92256071356476,NN_DPD_Adaptive,-20.9810880735839,-20.5171996787836,-19.3857893591372,8.93193587167417,9.42193309643182,10.7327381048486,-32.8489251230058,-31.6605102726446,-29.5507274089799,3,281.704911196,"Online NN-DPD adaptation",10
S5,OFDM-QAM,64QAM,40,2.92256071356476,No_DPD,-4.43923806118116,-4.201898981354,-4.12771025129966,59.9843693105176,61.6460211474612,62.1748129565278,-21.3665510042482,-19.1918438485723,-22.4631129882928,0,3.118421334,"Variation de charge, désadaptation ou effet VSWR",10
S5,OFDM-QAM,64QAM,40,2.92256071356476,MP_DPD,-11.2423308292801,-11.27042831065,-11.2110486679618,27.408385784182,27.3198672332492,27.5072748311885,-35.0657048908609,-31.5592254466395,-34.6828398813788,0,3.150028225,"Static MP-DPD baseline",10
S5,OFDM-QAM,64QAM,40,2.92256071356476,GMP_DPD,-11.2247794082741,-11.2551940046102,-11.1961457667805,27.4638254105552,27.3678259845249,27.5545112220076,-35.0862801352524,-31.6952416575486,-34.6952039609914,0,3.160748054,"Static GMP-DPD baseline",10
S5,OFDM-QAM,64QAM,40,2.92256071356476,NN_DPD_Static,-11.3718916339966,-11.4962403132994,-11.3456920934615,27.0025897537154,26.6187700373963,27.0841615337762,-32.9374784616747,-32.4626049624752,-32.6097988254216,0,286.746637407,"Offline NN-DPD with fixed weights",10
S5,OFDM-QAM,64QAM,40,2.92256071356476,NN_DPD_Adaptive,-11.3667367034237,-11.491988851907,-11.3378006722717,27.0186200965859,26.631802251546,27.1087795816826,-32.7521267097732,-32.3017181032333,-32.4587495820857,1,289.16899208,"Online NN-DPD adaptation",10
S6,OFDM-QAM,64QAM,40,2.92256071356476,No_DPD,-4.82681497513637,-1.6091624196059,-0.523937850645198,57.366618537157,83.0886837262039,94.1462676532743,-20.9442919327993,-15.7897745965375,-12.3665227858435,0,3.571593079,"Dérive combinée thermique + puissance + mémoire + charge",10
S6,OFDM-QAM,64QAM,40,2.92256071356476,MP_DPD,-13.9205751428828,-13.4937064706386,-12.8035611889659,20.1359091397229,21.150209641305,22.8992859634935,-34.707668112696,-28.5941015173733,-29.7943961600705,0,3.606064766,"Static MP-DPD baseline",10
S6,OFDM-QAM,64QAM,40,2.92256071356476,GMP_DPD,-13.8576535475586,-13.513990152681,-12.7957075765037,20.2823056251499,21.1008763409607,22.9200004158407,-34.7755962319421,-28.7387516900153,-29.8662060865079,0,3.616762768,"Static GMP-DPD baseline",10
S6,OFDM-QAM,64QAM,40,2.92256071356476,NN_DPD_Static,-13.9360239217935,-14.7566183591653,-12.9692358846906,20.1001271133357,18.2881208126612,22.4666441091862,-32.7772234532195,-32.4707672416874,-27.2293179662332,0,281.618100747,"Offline NN-DPD with fixed weights",10
S6,OFDM-QAM,64QAM,40,2.92256071356476,NN_DPD_Adaptive,-13.9285492337578,-14.791512467732,-13.1601757847045,20.1174318282595,18.2147987249212,21.9781539303031,-32.5925561674965,-32.2803507162365,-27.2345590996431,5,288.344060209,"Online NN-DPD adaptation",10
S7,5GNR,256QAM,50,2.92256071356476,No_DPD,-4.13020895766456,-2.15480300232804,-0.376196766573427,62.1569294393013,78.0296843134545,95.7613283345868,-19.4915466625224,-14.2797380612832,-11.9341106505293,0,4.658747618,"Stress test 5G NR avec variation de bande, modulation et numérologie",10
S7,5GNR,256QAM,50,2.92256071356476,MP_DPD,-13.7554798457708,-13.4193218087792,-11.9682667280229,20.5222988549396,21.3321146704847,25.2108021178723,-34.8277295622026,-31.1393287263288,-27.1130442684506,0,4.698940946,"Static MP-DPD baseline",10
S7,5GNR,256QAM,50,2.92256071356476,GMP_DPD,-13.7105038621485,-13.4006288304763,-11.9731832447177,20.6288399743755,21.3780731352527,25.1965359619041,-35.1458252575543,-31.4224250214418,-27.1808273272789,0,4.71255623,"Static GMP-DPD baseline",10
S7,5GNR,256QAM,50,2.92256071356476,NN_DPD_Static,-13.7916698748989,-13.9123598127857,-11.2652402540218,20.436969945162,20.1549631920551,27.3361901848608,-30.4459755878524,-27.4960218685877,-23.3865819306705,0,535.599839182,"Offline NN-DPD with fixed weights",10
S7,5GNR,256QAM,50,2.92256071356476,NN_DPD_Adaptive,-13.7827712095107,-13.8998017658547,-11.2598814426913,20.4579182826243,20.1841242847326,27.3530606137836,-30.3788183548308,-27.4202569598286,-23.3709860684916,7,547.051543802,"Online NN-DPD adaptation",10
S8,OFDM-QAM,64QAM,40,2.92256071356476,No_DPD,-4.82681497513637,-1.6091624196059,-0.523937850645198,57.366618537157,83.0886837262039,94.1462676532743,-20.9442919327993,-15.7897745965375,-12.3665227858435,0,3.21002371,"Optimisation de la politique d adaptation par RL ou heuristique",10
S8,OFDM-QAM,64QAM,40,2.92256071356476,MP_DPD,-13.9205751428828,-13.4937064706386,-12.8035611889659,20.1359091397229,21.150209641305,22.8992859634935,-34.707668112696,-28.5941015173733,-29.7943961600705,0,3.249223968,"Static MP-DPD baseline",10
S8,OFDM-QAM,64QAM,40,2.92256071356476,GMP_DPD,-13.8576535475586,-13.513990152681,-12.7957075765037,20.2823056251499,21.1008763409607,22.9200004158407,-34.7755962319421,-28.7387516900153,-29.8662060865079,0,3.26213026,"Static GMP-DPD baseline",10
S8,OFDM-QAM,64QAM,40,2.92256071356476,NN_DPD_Static,-13.9360239217935,-14.7566183591653,-12.9692358846906,20.1001271133357,18.2881208126612,22.4666441091862,-32.7772234532195,-32.4707672416874,-27.2293179662332,0,280.17368202,"Offline NN-DPD with fixed weights",10
S8,OFDM-QAM,64QAM,40,2.92256071356476,RL_Adaptive_Policy,-13.6432060073408,-14.8151464135537,-13.0176616285948,20.7892920181827,18.1653043788556,22.3417361482862,-32.5175774070279,-32.3540769065489,-27.4932419928836,6,286.882889309,"Online NN-DPD adaptation",10
